"trial_type","trial_index","plugin_version","time_elapsed","participant_id","session","prolific_pid","prolific_study_id","session_id","screen_w","screen_h","timestamp","window_left_ms","window_status","rt","stimulus","response","success","phase","response_device","phq9_1_score","phq9_1_label","phq9_2_score","phq9_2_label","phq9_3_score","phq9_3_label","phq9_4_score","phq9_4_label","phq9_5_score","phq9_5_label","phq9_6_score","phq9_6_label","phq9_7_score","phq9_7_label","phq9_8_score","phq9_8_label","phq9_9_score","phq9_9_label","attn_check_score","attn_check_label","time_to_submit_ms","instruction_page_num","instruction_nav","explanation_text","quiz_question_num","quiz_attempt_num","selected_option_index","selected_option_text","correct","iti_phase","phase_trial_num","left_item_number","left_item_text","right_item_number","right_item_text","stim_onset_ms","rt_from_stim_ms","chosen_side","chosen_item_number","chosen_item_text","skipped","break_num","feedback_text"
"pavlovia","0","null","1525","l1stv4eg","9a2xyneg","603e1fe6849f5c63a9997cf5","6abccec7e23d98550c18ccbb","session_2","1920","1080","2026-10-01T08:12:08.158Z","0","ok","","","","","","","","","","","","","","","","","","","","","","","","","","","","","","","","","","","","","","","","","","","","","","","","",""
"html-keyboard-response","1","2.1.0","5116","l1stv4eg","9a2xyneg","603e1fe6849f5c63a9997cf5","6abccec7e23d98550c18ccbb","session_2","1920","1080","2026-10-01T08:12:11.749Z","0","ok","3590","
    <div class=""instruction-card"">
      <div class=""instruction-card-heading"">
        <h1>Welcome</h1>
        <span class=""instruction-card-accent""></span>
      </div>
      <div class=""instruction-card-body"">
        <p>Thank you for taking part. In this study we will ask you to answer
        a few short questions about your everyday life.</p>
        <p>It should take roughly <strong>25 minutes</strong>.</p>
        <p class=""center muted"">Press the spacebar (or Enter) to continue.</p>
      </div>
    </div>"," ","","","","","","","","","","","","","","","","","","","","","","","","","","","","","","","","","","","","","","","","","","","","","",""
"html-button-response","2","2.1.0","7317","l1stv4eg","9a2xyneg","603e1fe6849f5c63a9997cf5","6abccec7e23d98550c18ccbb","session_2","1920","1080","2026-10-01T08:12:13.950Z","0","ok","2199","
    <div class=""instruction-card"">
      <div class=""instruction-card-heading"">
        <h1>Before we begin</h1>
        <span class=""instruction-card-accent""></span>
      </div>
      <div class=""instruction-card-body"">
        <ul>
          <li>Please turn off your mobile phone.</li>
          <li>Please make sure you're in a quiet environment.</li>
        </ul>
        <p>We need your full attention. Thank you for participation.</p>
        <p class=""center muted"">Click ""Continue"" to enter full screen.</p>
      </div>
    </div>","0","","","","","","","","","","","","","","","","","","","","","","","","","","","","","","","","","","","","","","","","","","","","","",""
"fullscreen","3","2.1.0","9239","l1stv4eg","9a2xyneg","603e1fe6849f5c63a9997cf5","6abccec7e23d98550c18ccbb","session_2","1920","1080","2026-10-01T08:12:15.872Z","0","ok","915","","","true","","","","","","","","","","","","","","","","","","","","","","","","","","","","","","","","","","","","","","","","","","","","",""
"html-button-response","4","2.1.0","12343","l1stv4eg","9a2xyneg","603e1fe6849f5c63a9997cf5","6abccec7e23d98550c18ccbb","session_2","1920","1080","2026-10-01T08:12:18.976Z","0","ok","3103","
      <div class=""instruction-card"">
        <div class=""instruction-card-heading"">
          <h1>About these questions</h1>
          <span class=""instruction-card-accent""></span>
        </div>
        <div class=""instruction-card-body reveal"">
          <p>We will ask you a few questions. Please answer as <strong>truthfully</strong> as you can.</p>
        </div>
      </div>","0","","","","","","","","","","","","","","","","","","","","","","","","","","","","","","","","","","","","","","","","","","","","","",""
"html-button-response","5","2.1.0","13946","l1stv4eg","9a2xyneg","603e1fe6849f5c63a9997cf5","6abccec7e23d98550c18ccbb","session_2","1920","1080","2026-10-01T08:12:20.579Z","0","ok","1602","
      <div class=""instruction-card"">
        <div class=""instruction-card-heading"">
          <h1>About these questions</h1>
          <span class=""instruction-card-accent""></span>
        </div>
        <div class=""instruction-card-body reveal"">
          <p>We will ask you a few questions. Please answer as <strong>truthfully</strong> as you can.</p>
          <p><strong>There's no rush.</strong> Take your time.</p>
        </div>
      </div>","0","","","","","","","","","","","","","","","","","","","","","","","","","","","","","","","","","","","","","","","","","","","","","",""
"html-button-response","6","2.1.0","14404","l1stv4eg","9a2xyneg","603e1fe6849f5c63a9997cf5","6abccec7e23d98550c18ccbb","session_2","1920","1080","2026-10-01T08:12:21.038Z","0","ok","457","
      <div class=""instruction-card"">
        <div class=""instruction-card-heading"">
          <h1>About these questions</h1>
          <span class=""instruction-card-accent""></span>
        </div>
        <div class=""instruction-card-body reveal"">
          <p>We will ask you a few questions. Please answer as <strong>truthfully</strong> as you can.</p>
          <p><strong>There's no rush.</strong> Take your time.</p>
          <p>Some questions may look familiar.</p>
        </div>
      </div>","0","","","","","","","","","","","","","","","","","","","","","","","","","","","","","","","","","","","","","","","","","","","","","",""
"html-button-response","7","2.1.0","14893","l1stv4eg","9a2xyneg","603e1fe6849f5c63a9997cf5","6abccec7e23d98550c18ccbb","session_2","1920","1080","2026-10-01T08:12:21.526Z","0","ok","487","
      <div class=""instruction-card"">
        <div class=""instruction-card-heading"">
          <h1>About these questions</h1>
          <span class=""instruction-card-accent""></span>
        </div>
        <div class=""instruction-card-body reveal"">
          <p>We will ask you a few questions. Please answer as <strong>truthfully</strong> as you can.</p>
          <p><strong>There's no rush.</strong> Take your time.</p>
          <p>Some questions may look familiar.</p>
          <p>This is completely anonymous.</p>
        </div>
      </div>","0","","","","","","","","","","","","","","","","","","","","","","","","","","","","","","","","","","","","","","","","","","","","","",""
"html-button-response","8","2.1.0","16530","l1stv4eg","9a2xyneg","603e1fe6849f5c63a9997cf5","6abccec7e23d98550c18ccbb","session_2","1920","1080","2026-10-01T08:12:23.163Z","0","ok","1635","
    <div class=""instruction-card"">
      <div class=""instruction-card-heading"">
        <h1>A couple of things to note</h1>
        <span class=""instruction-card-accent""></span>
      </div>
      <div class=""instruction-card-body"">
        <ul>
          <li>You should use your mouse cursor to select your option.</li>
          <li>You will see all of the questions on one page. Please answer every
          question before continuing, and take your time to read each one
          carefully.</li>
        </ul>
      </div>
    </div>","0","","","","","","","","","","","","","","","","","","","","","","","","","","","","","","","","","","","","","","","","","","","","","",""
"html-keyboard-response","9","2.1.0","17812","l1stv4eg","9a2xyneg","603e1fe6849f5c63a9997cf5","6abccec7e23d98550c18ccbb","session_2","1920","1080","2026-10-01T08:12:24.446Z","0","ok","1281","
    <div class=""instruction-card"">
      <div class=""instruction-card-heading"">
        <h1>Let's start</h1>
        <span class=""instruction-card-accent""></span>
      </div>
      <div class=""instruction-card-body"">
        <p class=""center"">We're about to begin. Good luck!</p>
        <p class=""center""><strong>Press the spacebar to begin.</strong></p>
      </div>
    </div>"," ","","","","","","","","","","","","","","","","","","","","","","","","","","","","","","","","","","","","","","","","","","","","","",""
"html-button-response","10","2.1.0","49922","l1stv4eg","9a2xyneg","603e1fe6849f5c63a9997cf5","6abccec7e23d98550c18ccbb","session_2","1920","1080","2026-10-01T08:12:56.555Z","0","ok","32109","
    <div class=""phq9-grid-header"">
      <div>Over the last 2 weeks, how often have you been bothered by any of the following problems?</div>
      <div class=""phq9-grid-subline"">Click a number to indicate your answer</div>
    </div>
    <div class=""phq9-grid"">
      <div class=""phq9-grid-colheads"">
        <div></div>
        <div class=""phq9-grid-colhead"">Not at all</div>
        <div class=""phq9-grid-colhead"">Several days</div>
        <div class=""phq9-grid-colhead"">More than half the days</div>
        <div class=""phq9-grid-colhead"">Nearly every day</div>
      </div>
      
      <div class=""phq9-grid-row"" data-row=""0"">
        <div class=""phq9-grid-item"">
          <span class=""phq9-grid-itemnum"">1.</span>
          <span>Little interest or pleasure in doing things</span>
        </div>
        
          <div class=""phq9-grid-cell"" data-row=""0"" data-score=""0"">
            <span class=""phq9-grid-btn"">0</span>
          </div>
          <div class=""phq9-grid-cell"" data-row=""0"" data-score=""1"">
            <span class=""phq9-grid-btn"">1</span>
          </div>
          <div class=""phq9-grid-cell"" data-row=""0"" data-score=""2"">
            <span class=""phq9-grid-btn"">2</span>
          </div>
          <div class=""phq9-grid-cell"" data-row=""0"" data-score=""3"">
            <span class=""phq9-grid-btn"">3</span>
          </div>
      </div>

      <div class=""phq9-grid-row"" data-row=""1"">
        <div class=""phq9-grid-item"">
          <span class=""phq9-grid-itemnum"">2.</span>
          <span>Feeling down, depressed, or hopeless</span>
        </div>
        
          <div class=""phq9-grid-cell"" data-row=""1"" data-score=""0"">
            <span class=""phq9-grid-btn"">0</span>
          </div>
          <div class=""phq9-grid-cell"" data-row=""1"" data-score=""1"">
            <span class=""phq9-grid-btn"">1</span>
          </div>
          <div class=""phq9-grid-cell"" data-row=""1"" data-score=""2"">
            <span class=""phq9-grid-btn"">2</span>
          </div>
          <div class=""phq9-grid-cell"" data-row=""1"" data-score=""3"">
            <span class=""phq9-grid-btn"">3</span>
          </div>
      </div>

      <div class=""phq9-grid-row"" data-row=""2"">
        <div class=""phq9-grid-item"">
          <span class=""phq9-grid-itemnum"">3.</span>
          <span>Trouble falling or staying asleep, or sleeping too much</span>
        </div>
        
          <div class=""phq9-grid-cell"" data-row=""2"" data-score=""0"">
            <span class=""phq9-grid-btn"">0</span>
          </div>
          <div class=""phq9-grid-cell"" data-row=""2"" data-score=""1"">
            <span class=""phq9-grid-btn"">1</span>
          </div>
          <div class=""phq9-grid-cell"" data-row=""2"" data-score=""2"">
            <span class=""phq9-grid-btn"">2</span>
          </div>
          <div class=""phq9-grid-cell"" data-row=""2"" data-score=""3"">
            <span class=""phq9-grid-btn"">3</span>
          </div>
      </div>

      <div class=""phq9-grid-row"" data-row=""3"">
        <div class=""phq9-grid-item"">
          <span class=""phq9-grid-itemnum"">4.</span>
          <span>Feeling tired or having little energy</span>
        </div>
        
          <div class=""phq9-grid-cell"" data-row=""3"" data-score=""0"">
            <span class=""phq9-grid-btn"">0</span>
          </div>
          <div class=""phq9-grid-cell"" data-row=""3"" data-score=""1"">
            <span class=""phq9-grid-btn"">1</span>
          </div>
          <div class=""phq9-grid-cell"" data-row=""3"" data-score=""2"">
            <span class=""phq9-grid-btn"">2</span>
          </div>
          <div class=""phq9-grid-cell"" data-row=""3"" data-score=""3"">
            <span class=""phq9-grid-btn"">3</span>
          </div>
      </div>

      <div class=""phq9-grid-row"" data-row=""4"">
        <div class=""phq9-grid-item"">
          <span class=""phq9-grid-itemnum"">5.</span>
          <span>Poor appetite or overeating</span>
        </div>
        
          <div class=""phq9-grid-cell"" data-row=""4"" data-score=""0"">
            <span class=""phq9-grid-btn"">0</span>
          </div>
          <div class=""phq9-grid-cell"" data-row=""4"" data-score=""1"">
            <span class=""phq9-grid-btn"">1</span>
          </div>
          <div class=""phq9-grid-cell"" data-row=""4"" data-score=""2"">
            <span class=""phq9-grid-btn"">2</span>
          </div>
          <div class=""phq9-grid-cell"" data-row=""4"" data-score=""3"">
            <span class=""phq9-grid-btn"">3</span>
          </div>
      </div>

      <div class=""phq9-grid-row"" data-row=""5"">
        <div class=""phq9-grid-item"">
          <span class=""phq9-grid-itemnum"">6.</span>
          <span>Feeling bad about yourself — or that you are a failure or have let yourself or your family down</span>
        </div>
        
          <div class=""phq9-grid-cell"" data-row=""5"" data-score=""0"">
            <span class=""phq9-grid-btn"">0</span>
          </div>
          <div class=""phq9-grid-cell"" data-row=""5"" data-score=""1"">
            <span class=""phq9-grid-btn"">1</span>
          </div>
          <div class=""phq9-grid-cell"" data-row=""5"" data-score=""2"">
            <span class=""phq9-grid-btn"">2</span>
          </div>
          <div class=""phq9-grid-cell"" data-row=""5"" data-score=""3"">
            <span class=""phq9-grid-btn"">3</span>
          </div>
      </div>

      <div class=""phq9-grid-row"" data-row=""6"">
        <div class=""phq9-grid-item"">
          <span class=""phq9-grid-itemnum"">7.</span>
          <span>Trouble concentrating on things, such as reading the newspaper or watching television</span>
        </div>
        
          <div class=""phq9-grid-cell"" data-row=""6"" data-score=""0"">
            <span class=""phq9-grid-btn"">0</span>
          </div>
          <div class=""phq9-grid-cell"" data-row=""6"" data-score=""1"">
            <span class=""phq9-grid-btn"">1</span>
          </div>
          <div class=""phq9-grid-cell"" data-row=""6"" data-score=""2"">
            <span class=""phq9-grid-btn"">2</span>
          </div>
          <div class=""phq9-grid-cell"" data-row=""6"" data-score=""3"">
            <span class=""phq9-grid-btn"">3</span>
          </div>
      </div>

      <div class=""phq9-grid-row"" data-row=""7"">
        <div class=""phq9-grid-item"">
          <span class=""phq9-grid-itemnum"">8.</span>
          <span>Moving or speaking so slowly that other people could have noticed? Or the opposite — being so fidgety or restless that you have been moving around a lot more than usual</span>
        </div>
        
          <div class=""phq9-grid-cell"" data-row=""7"" data-score=""0"">
            <span class=""phq9-grid-btn"">0</span>
          </div>
          <div class=""phq9-grid-cell"" data-row=""7"" data-score=""1"">
            <span class=""phq9-grid-btn"">1</span>
          </div>
          <div class=""phq9-grid-cell"" data-row=""7"" data-score=""2"">
            <span class=""phq9-grid-btn"">2</span>
          </div>
          <div class=""phq9-grid-cell"" data-row=""7"" data-score=""3"">
            <span class=""phq9-grid-btn"">3</span>
          </div>
      </div>

      <div class=""phq9-grid-row"" data-row=""8"">
        <div class=""phq9-grid-item"">
          <span class=""phq9-grid-itemnum"">9.</span>
          <span>Thoughts that you would be better off dead or of hurting yourself in some way</span>
        </div>
        
          <div class=""phq9-grid-cell"" data-row=""8"" data-score=""0"">
            <span class=""phq9-grid-btn"">0</span>
          </div>
          <div class=""phq9-grid-cell"" data-row=""8"" data-score=""1"">
            <span class=""phq9-grid-btn"">1</span>
          </div>
          <div class=""phq9-grid-cell"" data-row=""8"" data-score=""2"">
            <span class=""phq9-grid-btn"">2</span>
          </div>
          <div class=""phq9-grid-cell"" data-row=""8"" data-score=""3"">
            <span class=""phq9-grid-btn"">3</span>
          </div>
      </div>

      <div class=""phq9-grid-row"" data-row=""9"">
        <div class=""phq9-grid-item"">
          <span class=""phq9-grid-itemnum"">10.</span>
          <span>I participated in the Olympic Games of 1974.</span>
        </div>
        
          <div class=""phq9-grid-cell"" data-row=""9"" data-score=""0"">
            <span class=""phq9-grid-btn"">0</span>
          </div>
          <div class=""phq9-grid-cell"" data-row=""9"" data-score=""1"">
            <span class=""phq9-grid-btn"">1</span>
          </div>
          <div class=""phq9-grid-cell"" data-row=""9"" data-score=""2"">
            <span class=""phq9-grid-btn"">2</span>
          </div>
          <div class=""phq9-grid-cell"" data-row=""9"" data-score=""3"">
            <span class=""phq9-grid-btn"">3</span>
          </div>
      </div>
    </div>
    <div class=""phq9-grid-footer"">
      <div class=""phq9-grid-status"" id=""phq9-grid-status""></div>
    </div>","0","","phq9_grid","mouse","2","More than half the days","3","Nearly every day","1","Several days","3","Nearly every day","1","Several days","3","Nearly every day","1","Several days","0","Not at all","2","More than half the days","0","Not at all","32109","","","","","","","","","","","","","","","","","","","","","",""
"html-button-response","11","2.1.0","51297","l1stv4eg","9a2xyneg","603e1fe6849f5c63a9997cf5","6abccec7e23d98550c18ccbb","session_2","1920","1080","2026-10-01T08:12:57.930Z","0","ok","1374","
    <div class=""instruction-card"">
      <div class=""instruction-card-heading"">
        <h1>End of the first part</h1>
        <span class=""instruction-card-accent""></span>
      </div>
      <div class=""instruction-card-body"">
        <p>Great &mdash; you have finished the first part of the study.</p>
        <p>Please take a moment to rest before you continue.</p>
        <p class=""center muted"">Click ""Continue"" for the next part.</p>
      </div>
    </div>","0","","","","","","","","","","","","","","","","","","","","","","","","","","","","","","","","","","","","","","","","","","","","","",""
"html-button-response","12","2.1.0","56382","l1stv4eg","9a2xyneg","603e1fe6849f5c63a9997cf5","6abccec7e23d98550c18ccbb","session_2","1920","1080","2026-10-01T08:13:03.015Z","0","ok","5084","
    <div class=""instruction-card"">
      <div class=""instruction-card-heading"">
        <h1>Part 2 - Task Instructions</h1>
        <span class=""instruction-card-accent""></span>
      </div>
      <div class=""instruction-card-body"">
        <p>In this task, we will show you problems that people sometimes have. They will
   appear on the screen two at a time. When you see them, take a moment to reflect, and
   think about how often each of these problems has bothered you in the last two weeks.
   Your task is to compare them and click on the problem that bothered you more.</p>
      </div>
    </div>","0","","phase2_instructions","","","","","","","","","","","","","","","","","","","","","","","1","Continue","","","","","","","","","","","","","","","","","","","",""
"html-button-response","13","2.1.0","59000","l1stv4eg","9a2xyneg","603e1fe6849f5c63a9997cf5","6abccec7e23d98550c18ccbb","session_2","1920","1080","2026-10-01T08:13:05.633Z","0","ok","2617","
    <div class=""instruction-card"">
      <div class=""instruction-card-heading"">
        <h1>Part 2 - Task Instructions</h1>
        <span class=""instruction-card-accent""></span>
      </div>
      <div class=""instruction-card-body"">
        <p>Sometimes the difference between the two problems might seem very small. Still, we
   ask that you think about the last two weeks, and try your best to choose the problem
   that bothered you more.</p>
      </div>
    </div>","1","","phase2_instructions","","","","","","","","","","","","","","","","","","","","","","","2","Continue","","","","","","","","","","","","","","","","","","","",""
"html-button-response","14","2.1.0","60942","l1stv4eg","9a2xyneg","603e1fe6849f5c63a9997cf5","6abccec7e23d98550c18ccbb","session_2","1920","1080","2026-10-01T08:13:07.575Z","0","ok","1940","
    <div class=""instruction-card"">
      <div class=""instruction-card-heading"">
        <h1>Part 2 - Task Instructions</h1>
        <span class=""instruction-card-accent""></span>
      </div>
      <div class=""instruction-card-body"">
        <p>For some pairs, you may find that you have not experienced either problem. If so,
   you can click on a ""Neither bothered me"" button to report that neither of the two
   problems affected you during the past two weeks. However, remember that the problems
   presented are common and experienced by most people to some extent. Please try to use
   the ""Neither bothered me"" button only when you are absolutely sure neither problem
   affected you at all.</p>
      </div>
    </div>","1","","phase2_instructions","","","","","","","","","","","","","","","","","","","","","","","3","Continue","","","","","","","","","","","","","","","","","","","",""
"html-button-response","15","2.1.0","64800","l1stv4eg","9a2xyneg","603e1fe6849f5c63a9997cf5","6abccec7e23d98550c18ccbb","session_2","1920","1080","2026-10-01T08:13:11.434Z","0","ok","3858","
    <div class=""instruction-card"">
      <div class=""instruction-card-heading"">
        <h1>Part 2 - Task Instructions</h1>
        <span class=""instruction-card-accent""></span>
      </div>
      <div class=""instruction-card-body"">
        <p>The task includes 105 screens in total. To make it easier, it is divided into four
   smaller parts of approximately 25 screens each. Overall, it should take about 20-30
   minutes. There is no time limit, so please take your time to carefully reflect on each
   screen.</p>
      </div>
    </div>","1","","phase2_instructions","","","","","","","","","","","","","","","","","","","","","","","4","Continue","","","","","","","","","","","","","","","","","","","",""
"html-button-response","16","2.1.0","66378","l1stv4eg","9a2xyneg","603e1fe6849f5c63a9997cf5","6abccec7e23d98550c18ccbb","session_2","1920","1080","2026-10-01T08:13:13.011Z","0","ok","1576","
    <div class=""instruction-card"">
      <div class=""instruction-card-heading"">
        <h1>Part 2 - Task Instructions</h1>
        <span class=""instruction-card-accent""></span>
      </div>
      <div class=""instruction-card-body"">
        <p>You will have three built-in breaks during the task. This gives you a chance to
   take a short, refreshing pause between each of the four parts.</p>
      </div>
    </div>","1","","phase2_instructions","","","","","","","","","","","","","","","","","","","","","","","5","Continue","","","","","","","","","","","","","","","","","","","",""
"html-button-response","17","2.1.0","67835","l1stv4eg","9a2xyneg","603e1fe6849f5c63a9997cf5","6abccec7e23d98550c18ccbb","session_2","1920","1080","2026-10-01T08:13:14.468Z","0","ok","1456","
    <div class=""instruction-card"">
      <div class=""instruction-card-heading"">
        <h1>Part 2 - Task Instructions</h1>
        <span class=""instruction-card-accent""></span>
      </div>
      <div class=""instruction-card-body"">
        <p>During the task, please stay focused on this screen. Switching to other tabs or
   windows is not allowed, so please keep the task open and in front of you until you
   reach the very end.</p>
      </div>
    </div>","1","","phase2_instructions","","","","","","","","","","","","","","","","","","","","","","","6","Continue","","","","","","","","","","","","","","","","","","","",""
"html-button-response","18","2.1.0","69946","l1stv4eg","9a2xyneg","603e1fe6849f5c63a9997cf5","6abccec7e23d98550c18ccbb","session_2","1920","1080","2026-10-01T08:13:16.579Z","0","ok","2111","
    <div class=""instruction-card"">
      <div class=""instruction-card-heading"">
        <h1>Part 2 - Task Instructions</h1>
        <span class=""instruction-card-accent""></span>
      </div>
      <div class=""instruction-card-body"">
        <p>Our goal is to understand exactly how much each problem affected you over the past
   two weeks compared to all the others. Please do your best to choose the answers that
   truly reflect your experience. We will now ask you to briefly explain the task in your
   own words, followed by a short quiz to make sure these instructions are clear. You can
   go back and review any previous page before starting. Thank you.</p>
      </div>
    </div>","1","","phase2_instructions","","","","","","","","","","","","","","","","","","","","","","","7","Continue","","","","","","","","","","","","","","","","","","","",""
"survey-text","19","2.1.0","160033","l1stv4eg","9a2xyneg","603e1fe6849f5c63a9997cf5","6abccec7e23d98550c18ccbb","session_2","1920","1080","2026-10-01T08:14:46.666Z","0","ok","90078","","{""explanation"":""There will be two things shown on the screen that might have happened to me in the last 2 weeks. I need to choose the one which I have experienced fromt the two. If neither happened I can choose neither. ""}","","free_text_explanation","","","","","","","","","","","","","","","","","","","","","","","","","There will be two things shown on the screen that might have happened to me in the last 2 weeks. I need to choose the one which I have experienced fromt the two. If neither happened I can choose neither. ","","","","","","","","","","","","","","","","","","",""
"html-button-response","20","2.1.0","165379","l1stv4eg","9a2xyneg","603e1fe6849f5c63a9997cf5","6abccec7e23d98550c18ccbb","session_2","1920","1080","2026-10-01T08:14:52.013Z","0","ok","5347","
      <div class=""instruction-card"">
        <div class=""instruction-card-heading"">
          <h1>Comprehension Check</h1>
          <span class=""instruction-card-accent""></span>
        </div>
        <div class=""instruction-card-body"">
          <p class=""muted"">Question 1 of 6</p>
          <p>When two problems appear on the screen, how should you decide which one to select?</p>
          
        </div>
      </div>","3","","quiz","","","","","","","","","","","","","","","","","","","","","","","","","","1","1","3","Click on the problem that bothered you more in the last two weeks.","true","","","","","","","","","","","","","",""
"html-button-response","21","2.1.0","171011","l1stv4eg","9a2xyneg","603e1fe6849f5c63a9997cf5","6abccec7e23d98550c18ccbb","session_2","1920","1080","2026-10-01T08:14:57.644Z","0","ok","5630","
      <div class=""instruction-card"">
        <div class=""instruction-card-heading"">
          <h1>Comprehension Check</h1>
          <span class=""instruction-card-accent""></span>
        </div>
        <div class=""instruction-card-body"">
          <p class=""muted"">Question 2 of 6</p>
          <p>What should you do if both problems bothered you, but the difference between them seems very small?</p>
          
        </div>
      </div>","2","","quiz","","","","","","","","","","","","","","","","","","","","","","","","","","2","1","2","Try your best to choose the one that bothered you slightly more.","true","","","","","","","","","","","","","",""
"html-button-response","22","2.1.0","174617","l1stv4eg","9a2xyneg","603e1fe6849f5c63a9997cf5","6abccec7e23d98550c18ccbb","session_2","1920","1080","2026-10-01T08:15:01.250Z","0","ok","3605","
      <div class=""instruction-card"">
        <div class=""instruction-card-heading"">
          <h1>Comprehension Check</h1>
          <span class=""instruction-card-accent""></span>
        </div>
        <div class=""instruction-card-body"">
          <p class=""muted"">Question 3 of 6</p>
          <p>When should you use the ""Neither bothered me"" button?</p>
          
        </div>
      </div>","1","","quiz","","","","","","","","","","","","","","","","","","","","","","","","","","3","1","1","Only when you are absolutely sure neither problem affected you at all in the last two weeks.","true","","","","","","","","","","","","","",""
"html-button-response","23","2.1.0","178104","l1stv4eg","9a2xyneg","603e1fe6849f5c63a9997cf5","6abccec7e23d98550c18ccbb","session_2","1920","1080","2026-10-01T08:15:04.737Z","0","ok","3487","
      <div class=""instruction-card"">
        <div class=""instruction-card-heading"">
          <h1>Comprehension Check</h1>
          <span class=""instruction-card-accent""></span>
        </div>
        <div class=""instruction-card-body"">
          <p class=""muted"">Question 4 of 6</p>
          <p>Which of the following rules must you follow during this task?</p>
          
        </div>
      </div>","2","","quiz","","","","","","","","","","","","","","","","","","","","","","","","","","4","1","2","You must stay on this screen without switching to other tabs or windows.","true","","","","","","","","","","","","","",""
"html-button-response","24","2.1.0","184272","l1stv4eg","9a2xyneg","603e1fe6849f5c63a9997cf5","6abccec7e23d98550c18ccbb","session_2","1920","1080","2026-10-01T08:15:10.905Z","0","ok","6167","
      <div class=""instruction-card"">
        <div class=""instruction-card-heading"">
          <h1>Comprehension Check</h1>
          <span class=""instruction-card-accent""></span>
        </div>
        <div class=""instruction-card-body"">
          <p class=""muted"">Question 5 of 6</p>
          <p>Is there a time limit for deciding between the two problems on each screen?</p>
          
        </div>
      </div>","2","","quiz","","","","","","","","","","","","","","","","","","","","","","","","","","5","1","2","No, but you are expected to answer as fast as possible without thinking too much.","false","","","","","","","","","","","","","",""
"html-button-response","25","2.1.0","185519","l1stv4eg","9a2xyneg","603e1fe6849f5c63a9997cf5","6abccec7e23d98550c18ccbb","session_2","1920","1080","2026-10-01T08:15:12.152Z","0","ok","1245","
      <div class=""instruction-card"">
        <div class=""instruction-card-heading"">
          <h1>Comprehension Check</h1>
          <span class=""instruction-card-accent""></span>
        </div>
        <div class=""instruction-card-body"">
          <p class=""muted"">Question 5 of 6</p>
          <p>Is there a time limit for deciding between the two problems on each screen?</p>
          <p class=""quiz-retry-msg"">That's not quite right &mdash; please try again.</p>
        </div>
      </div>","1","","quiz","","","","","","","","","","","","","","","","","","","","","","","","","","5","2","1","No, there is no time limit, so you should take your time to carefully reflect on each screen.","true","","","","","","","","","","","","","",""
"html-button-response","26","2.1.0","189133","l1stv4eg","9a2xyneg","603e1fe6849f5c63a9997cf5","6abccec7e23d98550c18ccbb","session_2","1920","1080","2026-10-01T08:15:15.766Z","0","ok","3612","
      <div class=""instruction-card"">
        <div class=""instruction-card-heading"">
          <h1>Comprehension Check</h1>
          <span class=""instruction-card-accent""></span>
        </div>
        <div class=""instruction-card-body"">
          <p class=""muted"">Question 6 of 6</p>
          <p>How many built-in breaks will you have during the task?</p>
          
        </div>
      </div>","0","","quiz","","","","","","","","","","","","","","","","","","","","","","","","","","6","1","0","Three breaks, giving you a chance to pause between the four parts of the task.","true","","","","","","","","","","","","","",""
"html-button-response","27","2.1.0","189713","l1stv4eg","9a2xyneg","603e1fe6849f5c63a9997cf5","6abccec7e23d98550c18ccbb","session_2","1920","1080","2026-10-01T08:15:16.346Z","0","ok","579","
    <div class=""instruction-card"">
      <div class=""instruction-card-heading"">
        <h1>Let's start</h1>
        <span class=""instruction-card-accent""></span>
      </div>
      <div class=""instruction-card-body"">
        <p>We're about to begin. Good luck!</p>
        <p>Press Continue to begin.</p>
      </div>
    </div>","0","","phase2_ready","","","","","","","","","","","","","","","","","","","","","","","","","","","","","","","","","","","","","","","","","","","",""
"html-keyboard-response","28","2.1.0","191715","l1stv4eg","9a2xyneg","603e1fe6849f5c63a9997cf5","6abccec7e23d98550c18ccbb","session_2","1920","1080","2026-10-01T08:15:18.348Z","0","ok","null","<div class=""pairwise-prompt"">Which of these two problems has been bothering you more during the last two weeks?</div><div class=""pairwise-iti-fixation"">+</div>
    <div class=""pairwise-progress"">
      <div class=""pairwise-progress-bar"">
        <div class=""pairwise-progress-caption"">Your progress</div>
        <div class=""pairwise-progress-segments""><div class=""pairwise-progress-segment""><div class=""pairwise-progress-segment-fill"" style=""width: 0%""></div></div><div class=""pairwise-progress-segment""><div class=""pairwise-progress-segment-fill"" style=""width: 0%""></div></div><div class=""pairwise-progress-segment""><div class=""pairwise-progress-segment-fill"" style=""width: 0%""></div></div><div class=""pairwise-progress-segment""><div class=""pairwise-progress-segment-fill"" style=""width: 0%""></div></div></div>
      </div>
      <div class=""pairwise-progress-part-label"">Part 1 of 4</div>
    </div>","null","","iti","","","","","","","","","","","","","","","","","","","","","","","","","","","","","","","pairwise","1","","","","","","","","","","","",""
"html-button-response","29","2.1.0","193299","l1stv4eg","9a2xyneg","603e1fe6849f5c63a9997cf5","6abccec7e23d98550c18ccbb","session_2","1920","1080","2026-10-01T08:15:19.932Z","0","ok","1581","
      <div class=""pairwise-prompt"">Which of these two problems has been bothering you more during the last two weeks?</div>
    <div class=""pairwise-progress"">
      <div class=""pairwise-progress-bar"">
        <div class=""pairwise-progress-caption"">Your progress</div>
        <div class=""pairwise-progress-segments""><div class=""pairwise-progress-segment""><div class=""pairwise-progress-segment-fill"" style=""width: 0%""></div></div><div class=""pairwise-progress-segment""><div class=""pairwise-progress-segment-fill"" style=""width: 0%""></div></div><div class=""pairwise-progress-segment""><div class=""pairwise-progress-segment-fill"" style=""width: 0%""></div></div><div class=""pairwise-progress-segment""><div class=""pairwise-progress-segment-fill"" style=""width: 0%""></div></div></div>
      </div>
      <div class=""pairwise-progress-part-label"">Part 1 of 4</div>
    </div>","0","","pairwise","mouse","","","","","","","","","","","","","","","","","","","","","","","","","","","","","","","1","6b","Feeling that you have let yourself or your family down","3b","Sleeping too much","194224","1581","left","6b","Feeling that you have let yourself or your family down","false","",""
"html-keyboard-response","30","2.1.0","195301","l1stv4eg","9a2xyneg","603e1fe6849f5c63a9997cf5","6abccec7e23d98550c18ccbb","session_2","1920","1080","2026-10-01T08:15:21.934Z","0","ok","null","<div class=""pairwise-prompt"">Which of these two problems has been bothering you more during the last two weeks?</div><div class=""pairwise-iti-fixation"">+</div>
    <div class=""pairwise-progress"">
      <div class=""pairwise-progress-bar"">
        <div class=""pairwise-progress-caption"">Your progress</div>
        <div class=""pairwise-progress-segments""><div class=""pairwise-progress-segment""><div class=""pairwise-progress-segment-fill"" style=""width: 4%""></div></div><div class=""pairwise-progress-segment""><div class=""pairwise-progress-segment-fill"" style=""width: 0%""></div></div><div class=""pairwise-progress-segment""><div class=""pairwise-progress-segment-fill"" style=""width: 0%""></div></div><div class=""pairwise-progress-segment""><div class=""pairwise-progress-segment-fill"" style=""width: 0%""></div></div></div>
      </div>
      <div class=""pairwise-progress-part-label"">Part 1 of 4</div>
    </div>","null","","iti","","","","","","","","","","","","","","","","","","","","","","","","","","","","","","","pairwise","2","","","","","","","","","","","",""
"html-button-response","31","2.1.0","197960","l1stv4eg","9a2xyneg","603e1fe6849f5c63a9997cf5","6abccec7e23d98550c18ccbb","session_2","1920","1080","2026-10-01T08:15:24.593Z","0","ok","2657","
      <div class=""pairwise-prompt"">Which of these two problems has been bothering you more during the last two weeks?</div>
    <div class=""pairwise-progress"">
      <div class=""pairwise-progress-bar"">
        <div class=""pairwise-progress-caption"">Your progress</div>
        <div class=""pairwise-progress-segments""><div class=""pairwise-progress-segment""><div class=""pairwise-progress-segment-fill"" style=""width: 4%""></div></div><div class=""pairwise-progress-segment""><div class=""pairwise-progress-segment-fill"" style=""width: 0%""></div></div><div class=""pairwise-progress-segment""><div class=""pairwise-progress-segment-fill"" style=""width: 0%""></div></div><div class=""pairwise-progress-segment""><div class=""pairwise-progress-segment-fill"" style=""width: 0%""></div></div></div>
      </div>
      <div class=""pairwise-progress-part-label"">Part 1 of 4</div>
    </div>","0","","pairwise","mouse","","","","","","","","","","","","","","","","","","","","","","","","","","","","","","","2","6a","Feeling bad about yourself or that you are a failure","5a","Poor appetite","197809","2657","left","6a","Feeling bad about yourself or that you are a failure","false","",""
"html-keyboard-response","32","2.1.0","199977","l1stv4eg","9a2xyneg","603e1fe6849f5c63a9997cf5","6abccec7e23d98550c18ccbb","session_2","1920","1080","2026-10-01T08:15:26.610Z","0","ok","null","<div class=""pairwise-prompt"">Which of these two problems has been bothering you more during the last two weeks?</div><div class=""pairwise-iti-fixation"">+</div>
    <div class=""pairwise-progress"">
      <div class=""pairwise-progress-bar"">
        <div class=""pairwise-progress-caption"">Your progress</div>
        <div class=""pairwise-progress-segments""><div class=""pairwise-progress-segment""><div class=""pairwise-progress-segment-fill"" style=""width: 8%""></div></div><div class=""pairwise-progress-segment""><div class=""pairwise-progress-segment-fill"" style=""width: 0%""></div></div><div class=""pairwise-progress-segment""><div class=""pairwise-progress-segment-fill"" style=""width: 0%""></div></div><div class=""pairwise-progress-segment""><div class=""pairwise-progress-segment-fill"" style=""width: 0%""></div></div></div>
      </div>
      <div class=""pairwise-progress-part-label"">Part 1 of 4</div>
    </div>","null","","iti","","","","","","","","","","","","","","","","","","","","","","","","","","","","","","","pairwise","3","","","","","","","","","","","",""
"html-button-response","33","2.1.0","201276","l1stv4eg","9a2xyneg","603e1fe6849f5c63a9997cf5","6abccec7e23d98550c18ccbb","session_2","1920","1080","2026-10-01T08:15:27.909Z","0","ok","1297","
      <div class=""pairwise-prompt"">Which of these two problems has been bothering you more during the last two weeks?</div>
    <div class=""pairwise-progress"">
      <div class=""pairwise-progress-bar"">
        <div class=""pairwise-progress-caption"">Your progress</div>
        <div class=""pairwise-progress-segments""><div class=""pairwise-progress-segment""><div class=""pairwise-progress-segment-fill"" style=""width: 8%""></div></div><div class=""pairwise-progress-segment""><div class=""pairwise-progress-segment-fill"" style=""width: 0%""></div></div><div class=""pairwise-progress-segment""><div class=""pairwise-progress-segment-fill"" style=""width: 0%""></div></div><div class=""pairwise-progress-segment""><div class=""pairwise-progress-segment-fill"" style=""width: 0%""></div></div></div>
      </div>
      <div class=""pairwise-progress-part-label"">Part 1 of 4</div>
    </div>","1","","pairwise","mouse","","","","","","","","","","","","","","","","","","","","","","","","","","","","","","","3","3b","Sleeping too much","4","Feeling tired or having little energy","202485","1297","right","4","Feeling tired or having little energy","false","",""
"html-keyboard-response","34","2.1.0","203279","l1stv4eg","9a2xyneg","603e1fe6849f5c63a9997cf5","6abccec7e23d98550c18ccbb","session_2","1920","1080","2026-10-01T08:15:29.912Z","0","ok","null","<div class=""pairwise-prompt"">Which of these two problems has been bothering you more during the last two weeks?</div><div class=""pairwise-iti-fixation"">+</div>
    <div class=""pairwise-progress"">
      <div class=""pairwise-progress-bar"">
        <div class=""pairwise-progress-caption"">Your progress</div>
        <div class=""pairwise-progress-segments""><div class=""pairwise-progress-segment""><div class=""pairwise-progress-segment-fill"" style=""width: 12%""></div></div><div class=""pairwise-progress-segment""><div class=""pairwise-progress-segment-fill"" style=""width: 0%""></div></div><div class=""pairwise-progress-segment""><div class=""pairwise-progress-segment-fill"" style=""width: 0%""></div></div><div class=""pairwise-progress-segment""><div class=""pairwise-progress-segment-fill"" style=""width: 0%""></div></div></div>
      </div>
      <div class=""pairwise-progress-part-label"">Part 1 of 4</div>
    </div>","null","","iti","","","","","","","","","","","","","","","","","","","","","","","","","","","","","","","pairwise","4","","","","","","","","","","","",""
"html-button-response","35","2.1.0","204623","l1stv4eg","9a2xyneg","603e1fe6849f5c63a9997cf5","6abccec7e23d98550c18ccbb","session_2","1920","1080","2026-10-01T08:15:31.256Z","0","ok","1342","
      <div class=""pairwise-prompt"">Which of these two problems has been bothering you more during the last two weeks?</div>
    <div class=""pairwise-progress"">
      <div class=""pairwise-progress-bar"">
        <div class=""pairwise-progress-caption"">Your progress</div>
        <div class=""pairwise-progress-segments""><div class=""pairwise-progress-segment""><div class=""pairwise-progress-segment-fill"" style=""width: 12%""></div></div><div class=""pairwise-progress-segment""><div class=""pairwise-progress-segment-fill"" style=""width: 0%""></div></div><div class=""pairwise-progress-segment""><div class=""pairwise-progress-segment-fill"" style=""width: 0%""></div></div><div class=""pairwise-progress-segment""><div class=""pairwise-progress-segment-fill"" style=""width: 0%""></div></div></div>
      </div>
      <div class=""pairwise-progress-part-label"">Part 1 of 4</div>
    </div>","1","","pairwise","mouse","","","","","","","","","","","","","","","","","","","","","","","","","","","","","","","4","5b","Overeating","6b","Feeling that you have let yourself or your family down","205787","1342","right","6b","Feeling that you have let yourself or your family down","false","",""
"html-keyboard-response","36","2.1.0","206626","l1stv4eg","9a2xyneg","603e1fe6849f5c63a9997cf5","6abccec7e23d98550c18ccbb","session_2","1920","1080","2026-10-01T08:15:33.259Z","0","ok","null","<div class=""pairwise-prompt"">Which of these two problems has been bothering you more during the last two weeks?</div><div class=""pairwise-iti-fixation"">+</div>
    <div class=""pairwise-progress"">
      <div class=""pairwise-progress-bar"">
        <div class=""pairwise-progress-caption"">Your progress</div>
        <div class=""pairwise-progress-segments""><div class=""pairwise-progress-segment""><div class=""pairwise-progress-segment-fill"" style=""width: 15%""></div></div><div class=""pairwise-progress-segment""><div class=""pairwise-progress-segment-fill"" style=""width: 0%""></div></div><div class=""pairwise-progress-segment""><div class=""pairwise-progress-segment-fill"" style=""width: 0%""></div></div><div class=""pairwise-progress-segment""><div class=""pairwise-progress-segment-fill"" style=""width: 0%""></div></div></div>
      </div>
      <div class=""pairwise-progress-part-label"">Part 1 of 4</div>
    </div>","null","","iti","","","","","","","","","","","","","","","","","","","","","","","","","","","","","","","pairwise","5","","","","","","","","","","","",""
"html-button-response","37","2.1.0","208540","l1stv4eg","9a2xyneg","603e1fe6849f5c63a9997cf5","6abccec7e23d98550c18ccbb","session_2","1920","1080","2026-10-01T08:15:35.173Z","0","ok","1912","
      <div class=""pairwise-prompt"">Which of these two problems has been bothering you more during the last two weeks?</div>
    <div class=""pairwise-progress"">
      <div class=""pairwise-progress-bar"">
        <div class=""pairwise-progress-caption"">Your progress</div>
        <div class=""pairwise-progress-segments""><div class=""pairwise-progress-segment""><div class=""pairwise-progress-segment-fill"" style=""width: 15%""></div></div><div class=""pairwise-progress-segment""><div class=""pairwise-progress-segment-fill"" style=""width: 0%""></div></div><div class=""pairwise-progress-segment""><div class=""pairwise-progress-segment-fill"" style=""width: 0%""></div></div><div class=""pairwise-progress-segment""><div class=""pairwise-progress-segment-fill"" style=""width: 0%""></div></div></div>
      </div>
      <div class=""pairwise-progress-part-label"">Part 1 of 4</div>
    </div>","0","","pairwise","mouse","","","","","","","","","","","","","","","","","","","","","","","","","","","","","","","5","9a","Thoughts that you would be better off dead","3b","Sleeping too much","209134","1912","left","9a","Thoughts that you would be better off dead","false","",""
"html-keyboard-response","38","2.1.0","210546","l1stv4eg","9a2xyneg","603e1fe6849f5c63a9997cf5","6abccec7e23d98550c18ccbb","session_2","1920","1080","2026-10-01T08:15:37.179Z","0","ok","null","<div class=""pairwise-prompt"">Which of these two problems has been bothering you more during the last two weeks?</div><div class=""pairwise-iti-fixation"">+</div>
    <div class=""pairwise-progress"">
      <div class=""pairwise-progress-bar"">
        <div class=""pairwise-progress-caption"">Your progress</div>
        <div class=""pairwise-progress-segments""><div class=""pairwise-progress-segment""><div class=""pairwise-progress-segment-fill"" style=""width: 19%""></div></div><div class=""pairwise-progress-segment""><div class=""pairwise-progress-segment-fill"" style=""width: 0%""></div></div><div class=""pairwise-progress-segment""><div class=""pairwise-progress-segment-fill"" style=""width: 0%""></div></div><div class=""pairwise-progress-segment""><div class=""pairwise-progress-segment-fill"" style=""width: 0%""></div></div></div>
      </div>
      <div class=""pairwise-progress-part-label"">Part 1 of 4</div>
    </div>","null","","iti","","","","","","","","","","","","","","","","","","","","","","","","","","","","","","","pairwise","6","","","","","","","","","","","",""
"html-button-response","39","2.1.0","212434","l1stv4eg","9a2xyneg","603e1fe6849f5c63a9997cf5","6abccec7e23d98550c18ccbb","session_2","1920","1080","2026-10-01T08:15:39.067Z","0","ok","1887","
      <div class=""pairwise-prompt"">Which of these two problems has been bothering you more during the last two weeks?</div>
    <div class=""pairwise-progress"">
      <div class=""pairwise-progress-bar"">
        <div class=""pairwise-progress-caption"">Your progress</div>
        <div class=""pairwise-progress-segments""><div class=""pairwise-progress-segment""><div class=""pairwise-progress-segment-fill"" style=""width: 19%""></div></div><div class=""pairwise-progress-segment""><div class=""pairwise-progress-segment-fill"" style=""width: 0%""></div></div><div class=""pairwise-progress-segment""><div class=""pairwise-progress-segment-fill"" style=""width: 0%""></div></div><div class=""pairwise-progress-segment""><div class=""pairwise-progress-segment-fill"" style=""width: 0%""></div></div></div>
      </div>
      <div class=""pairwise-progress-part-label"">Part 1 of 4</div>
    </div>","1","","pairwise","mouse","","","","","","","","","","","","","","","","","","","","","","","","","","","","","","","6","9a","Thoughts that you would be better off dead","2b","Feeling hopeless","213053","1887","right","2b","Feeling hopeless","false","",""
"html-keyboard-response","40","2.1.0","214437","l1stv4eg","9a2xyneg","603e1fe6849f5c63a9997cf5","6abccec7e23d98550c18ccbb","session_2","1920","1080","2026-10-01T08:15:41.070Z","0","ok","null","<div class=""pairwise-prompt"">Which of these two problems has been bothering you more during the last two weeks?</div><div class=""pairwise-iti-fixation"">+</div>
    <div class=""pairwise-progress"">
      <div class=""pairwise-progress-bar"">
        <div class=""pairwise-progress-caption"">Your progress</div>
        <div class=""pairwise-progress-segments""><div class=""pairwise-progress-segment""><div class=""pairwise-progress-segment-fill"" style=""width: 23%""></div></div><div class=""pairwise-progress-segment""><div class=""pairwise-progress-segment-fill"" style=""width: 0%""></div></div><div class=""pairwise-progress-segment""><div class=""pairwise-progress-segment-fill"" style=""width: 0%""></div></div><div class=""pairwise-progress-segment""><div class=""pairwise-progress-segment-fill"" style=""width: 0%""></div></div></div>
      </div>
      <div class=""pairwise-progress-part-label"">Part 1 of 4</div>
    </div>","null","","iti","","","","","","","","","","","","","","","","","","","","","","","","","","","","","","","pairwise","7","","","","","","","","","","","",""
"html-button-response","41","2.1.0","216040","l1stv4eg","9a2xyneg","603e1fe6849f5c63a9997cf5","6abccec7e23d98550c18ccbb","session_2","1920","1080","2026-10-01T08:15:42.673Z","0","ok","1602","
      <div class=""pairwise-prompt"">Which of these two problems has been bothering you more during the last two weeks?</div>
    <div class=""pairwise-progress"">
      <div class=""pairwise-progress-bar"">
        <div class=""pairwise-progress-caption"">Your progress</div>
        <div class=""pairwise-progress-segments""><div class=""pairwise-progress-segment""><div class=""pairwise-progress-segment-fill"" style=""width: 23%""></div></div><div class=""pairwise-progress-segment""><div class=""pairwise-progress-segment-fill"" style=""width: 0%""></div></div><div class=""pairwise-progress-segment""><div class=""pairwise-progress-segment-fill"" style=""width: 0%""></div></div><div class=""pairwise-progress-segment""><div class=""pairwise-progress-segment-fill"" style=""width: 0%""></div></div></div>
      </div>
      <div class=""pairwise-progress-part-label"">Part 1 of 4</div>
    </div>","0","","pairwise","mouse","","","","","","","","","","","","","","","","","","","","","","","","","","","","","","","7","7","Trouble concentrating","3b","Sleeping too much","216945","1602","left","7","Trouble concentrating","false","",""
"html-keyboard-response","42","2.1.0","218057","l1stv4eg","9a2xyneg","603e1fe6849f5c63a9997cf5","6abccec7e23d98550c18ccbb","session_2","1920","1080","2026-10-01T08:15:44.690Z","0","ok","null","<div class=""pairwise-prompt"">Which of these two problems has been bothering you more during the last two weeks?</div><div class=""pairwise-iti-fixation"">+</div>
    <div class=""pairwise-progress"">
      <div class=""pairwise-progress-bar"">
        <div class=""pairwise-progress-caption"">Your progress</div>
        <div class=""pairwise-progress-segments""><div class=""pairwise-progress-segment""><div class=""pairwise-progress-segment-fill"" style=""width: 27%""></div></div><div class=""pairwise-progress-segment""><div class=""pairwise-progress-segment-fill"" style=""width: 0%""></div></div><div class=""pairwise-progress-segment""><div class=""pairwise-progress-segment-fill"" style=""width: 0%""></div></div><div class=""pairwise-progress-segment""><div class=""pairwise-progress-segment-fill"" style=""width: 0%""></div></div></div>
      </div>
      <div class=""pairwise-progress-part-label"">Part 1 of 4</div>
    </div>","null","","iti","","","","","","","","","","","","","","","","","","","","","","","","","","","","","","","pairwise","8","","","","","","","","","","","",""
"html-button-response","43","2.1.0","219581","l1stv4eg","9a2xyneg","603e1fe6849f5c63a9997cf5","6abccec7e23d98550c18ccbb","session_2","1920","1080","2026-10-01T08:15:46.214Z","0","ok","1523","
      <div class=""pairwise-prompt"">Which of these two problems has been bothering you more during the last two weeks?</div>
    <div class=""pairwise-progress"">
      <div class=""pairwise-progress-bar"">
        <div class=""pairwise-progress-caption"">Your progress</div>
        <div class=""pairwise-progress-segments""><div class=""pairwise-progress-segment""><div class=""pairwise-progress-segment-fill"" style=""width: 27%""></div></div><div class=""pairwise-progress-segment""><div class=""pairwise-progress-segment-fill"" style=""width: 0%""></div></div><div class=""pairwise-progress-segment""><div class=""pairwise-progress-segment-fill"" style=""width: 0%""></div></div><div class=""pairwise-progress-segment""><div class=""pairwise-progress-segment-fill"" style=""width: 0%""></div></div></div>
      </div>
      <div class=""pairwise-progress-part-label"">Part 1 of 4</div>
    </div>","0","","pairwise","mouse","","","","","","","","","","","","","","","","","","","","","","","","","","","","","","","8","2b","Feeling hopeless","5b","Overeating","220564","1523","left","2b","Feeling hopeless","false","",""
"html-keyboard-response","44","2.1.0","221587","l1stv4eg","9a2xyneg","603e1fe6849f5c63a9997cf5","6abccec7e23d98550c18ccbb","session_2","1920","1080","2026-10-01T08:15:48.220Z","0","ok","null","<div class=""pairwise-prompt"">Which of these two problems has been bothering you more during the last two weeks?</div><div class=""pairwise-iti-fixation"">+</div>
    <div class=""pairwise-progress"">
      <div class=""pairwise-progress-bar"">
        <div class=""pairwise-progress-caption"">Your progress</div>
        <div class=""pairwise-progress-segments""><div class=""pairwise-progress-segment""><div class=""pairwise-progress-segment-fill"" style=""width: 31%""></div></div><div class=""pairwise-progress-segment""><div class=""pairwise-progress-segment-fill"" style=""width: 0%""></div></div><div class=""pairwise-progress-segment""><div class=""pairwise-progress-segment-fill"" style=""width: 0%""></div></div><div class=""pairwise-progress-segment""><div class=""pairwise-progress-segment-fill"" style=""width: 0%""></div></div></div>
      </div>
      <div class=""pairwise-progress-part-label"">Part 1 of 4</div>
    </div>","null","","iti","","","","","","","","","","","","","","","","","","","","","","","","","","","","","","","pairwise","9","","","","","","","","","","","",""
"html-button-response","45","2.1.0","224292","l1stv4eg","9a2xyneg","603e1fe6849f5c63a9997cf5","6abccec7e23d98550c18ccbb","session_2","1920","1080","2026-10-01T08:15:50.926Z","0","ok","2704","
      <div class=""pairwise-prompt"">Which of these two problems has been bothering you more during the last two weeks?</div>
    <div class=""pairwise-progress"">
      <div class=""pairwise-progress-bar"">
        <div class=""pairwise-progress-caption"">Your progress</div>
        <div class=""pairwise-progress-segments""><div class=""pairwise-progress-segment""><div class=""pairwise-progress-segment-fill"" style=""width: 31%""></div></div><div class=""pairwise-progress-segment""><div class=""pairwise-progress-segment-fill"" style=""width: 0%""></div></div><div class=""pairwise-progress-segment""><div class=""pairwise-progress-segment-fill"" style=""width: 0%""></div></div><div class=""pairwise-progress-segment""><div class=""pairwise-progress-segment-fill"" style=""width: 0%""></div></div></div>
      </div>
      <div class=""pairwise-progress-part-label"">Part 1 of 4</div>
    </div>","0","","pairwise","mouse","","","","","","","","","","","","","","","","","","","","","","","","","","","","","","","9","4","Feeling tired or having little energy","1","Little interest or pleasure in doing things","224097","2704","left","4","Feeling tired or having little energy","false","",""
"html-keyboard-response","46","2.1.0","226298","l1stv4eg","9a2xyneg","603e1fe6849f5c63a9997cf5","6abccec7e23d98550c18ccbb","session_2","1920","1080","2026-10-01T08:15:52.931Z","0","ok","null","<div class=""pairwise-prompt"">Which of these two problems has been bothering you more during the last two weeks?</div><div class=""pairwise-iti-fixation"">+</div>
    <div class=""pairwise-progress"">
      <div class=""pairwise-progress-bar"">
        <div class=""pairwise-progress-caption"">Your progress</div>
        <div class=""pairwise-progress-segments""><div class=""pairwise-progress-segment""><div class=""pairwise-progress-segment-fill"" style=""width: 35%""></div></div><div class=""pairwise-progress-segment""><div class=""pairwise-progress-segment-fill"" style=""width: 0%""></div></div><div class=""pairwise-progress-segment""><div class=""pairwise-progress-segment-fill"" style=""width: 0%""></div></div><div class=""pairwise-progress-segment""><div class=""pairwise-progress-segment-fill"" style=""width: 0%""></div></div></div>
      </div>
      <div class=""pairwise-progress-part-label"">Part 1 of 4</div>
    </div>","null","","iti","","","","","","","","","","","","","","","","","","","","","","","","","","","","","","","pairwise","10","","","","","","","","","","","",""
"html-button-response","47","2.1.0","228935","l1stv4eg","9a2xyneg","603e1fe6849f5c63a9997cf5","6abccec7e23d98550c18ccbb","session_2","1920","1080","2026-10-01T08:15:55.568Z","0","ok","2636","
      <div class=""pairwise-prompt"">Which of these two problems has been bothering you more during the last two weeks?</div>
    <div class=""pairwise-progress"">
      <div class=""pairwise-progress-bar"">
        <div class=""pairwise-progress-caption"">Your progress</div>
        <div class=""pairwise-progress-segments""><div class=""pairwise-progress-segment""><div class=""pairwise-progress-segment-fill"" style=""width: 35%""></div></div><div class=""pairwise-progress-segment""><div class=""pairwise-progress-segment-fill"" style=""width: 0%""></div></div><div class=""pairwise-progress-segment""><div class=""pairwise-progress-segment-fill"" style=""width: 0%""></div></div><div class=""pairwise-progress-segment""><div class=""pairwise-progress-segment-fill"" style=""width: 0%""></div></div></div>
      </div>
      <div class=""pairwise-progress-part-label"">Part 1 of 4</div>
    </div>","1","","pairwise","mouse","","","","","","","","","","","","","","","","","","","","","","","","","","","","","","","10","8a","Moving or speaking slowly that other people could have noticed","3a","Trouble falling or staying asleep","228807","2636","right","3a","Trouble falling or staying asleep","false","",""
"html-keyboard-response","48","2.1.0","230949","l1stv4eg","9a2xyneg","603e1fe6849f5c63a9997cf5","6abccec7e23d98550c18ccbb","session_2","1920","1080","2026-10-01T08:15:57.582Z","0","ok","null","<div class=""pairwise-prompt"">Which of these two problems has been bothering you more during the last two weeks?</div><div class=""pairwise-iti-fixation"">+</div>
    <div class=""pairwise-progress"">
      <div class=""pairwise-progress-bar"">
        <div class=""pairwise-progress-caption"">Your progress</div>
        <div class=""pairwise-progress-segments""><div class=""pairwise-progress-segment""><div class=""pairwise-progress-segment-fill"" style=""width: 38%""></div></div><div class=""pairwise-progress-segment""><div class=""pairwise-progress-segment-fill"" style=""width: 0%""></div></div><div class=""pairwise-progress-segment""><div class=""pairwise-progress-segment-fill"" style=""width: 0%""></div></div><div class=""pairwise-progress-segment""><div class=""pairwise-progress-segment-fill"" style=""width: 0%""></div></div></div>
      </div>
      <div class=""pairwise-progress-part-label"">Part 1 of 4</div>
    </div>","null","","iti","","","","","","","","","","","","","","","","","","","","","","","","","","","","","","","pairwise","11","","","","","","","","","","","",""
"html-button-response","49","2.1.0","232427","l1stv4eg","9a2xyneg","603e1fe6849f5c63a9997cf5","6abccec7e23d98550c18ccbb","session_2","1920","1080","2026-10-01T08:15:59.061Z","0","ok","1477","
      <div class=""pairwise-prompt"">Which of these two problems has been bothering you more during the last two weeks?</div>
    <div class=""pairwise-progress"">
      <div class=""pairwise-progress-bar"">
        <div class=""pairwise-progress-caption"">Your progress</div>
        <div class=""pairwise-progress-segments""><div class=""pairwise-progress-segment""><div class=""pairwise-progress-segment-fill"" style=""width: 38%""></div></div><div class=""pairwise-progress-segment""><div class=""pairwise-progress-segment-fill"" style=""width: 0%""></div></div><div class=""pairwise-progress-segment""><div class=""pairwise-progress-segment-fill"" style=""width: 0%""></div></div><div class=""pairwise-progress-segment""><div class=""pairwise-progress-segment-fill"" style=""width: 0%""></div></div></div>
      </div>
      <div class=""pairwise-progress-part-label"">Part 1 of 4</div>
    </div>","0","","pairwise","mouse","","","","","","","","","","","","","","","","","","","","","","","","","","","","","","","11","6b","Feeling that you have let yourself or your family down","3a","Trouble falling or staying asleep","233459","1477","left","6b","Feeling that you have let yourself or your family down","false","",""
"html-keyboard-response","50","2.1.0","234429","l1stv4eg","9a2xyneg","603e1fe6849f5c63a9997cf5","6abccec7e23d98550c18ccbb","session_2","1920","1080","2026-10-01T08:16:01.062Z","0","ok","null","<div class=""pairwise-prompt"">Which of these two problems has been bothering you more during the last two weeks?</div><div class=""pairwise-iti-fixation"">+</div>
    <div class=""pairwise-progress"">
      <div class=""pairwise-progress-bar"">
        <div class=""pairwise-progress-caption"">Your progress</div>
        <div class=""pairwise-progress-segments""><div class=""pairwise-progress-segment""><div class=""pairwise-progress-segment-fill"" style=""width: 42%""></div></div><div class=""pairwise-progress-segment""><div class=""pairwise-progress-segment-fill"" style=""width: 0%""></div></div><div class=""pairwise-progress-segment""><div class=""pairwise-progress-segment-fill"" style=""width: 0%""></div></div><div class=""pairwise-progress-segment""><div class=""pairwise-progress-segment-fill"" style=""width: 0%""></div></div></div>
      </div>
      <div class=""pairwise-progress-part-label"">Part 1 of 4</div>
    </div>","null","","iti","","","","","","","","","","","","","","","","","","","","","","","","","","","","","","","pairwise","12","","","","","","","","","","","",""
"html-button-response","51","2.1.0","236242","l1stv4eg","9a2xyneg","603e1fe6849f5c63a9997cf5","6abccec7e23d98550c18ccbb","session_2","1920","1080","2026-10-01T08:16:02.875Z","0","ok","1811","
      <div class=""pairwise-prompt"">Which of these two problems has been bothering you more during the last two weeks?</div>
    <div class=""pairwise-progress"">
      <div class=""pairwise-progress-bar"">
        <div class=""pairwise-progress-caption"">Your progress</div>
        <div class=""pairwise-progress-segments""><div class=""pairwise-progress-segment""><div class=""pairwise-progress-segment-fill"" style=""width: 42%""></div></div><div class=""pairwise-progress-segment""><div class=""pairwise-progress-segment-fill"" style=""width: 0%""></div></div><div class=""pairwise-progress-segment""><div class=""pairwise-progress-segment-fill"" style=""width: 0%""></div></div><div class=""pairwise-progress-segment""><div class=""pairwise-progress-segment-fill"" style=""width: 0%""></div></div></div>
      </div>
      <div class=""pairwise-progress-part-label"">Part 1 of 4</div>
    </div>","0","","pairwise","mouse","","","","","","","","","","","","","","","","","","","","","","","","","","","","","","","12","2b","Feeling hopeless","8b","Being so fidgety or restless that you have been moving around a lot more than usual","236939","1811","left","2b","Feeling hopeless","false","",""
"html-keyboard-response","52","2.1.0","238245","l1stv4eg","9a2xyneg","603e1fe6849f5c63a9997cf5","6abccec7e23d98550c18ccbb","session_2","1920","1080","2026-10-01T08:16:04.878Z","0","ok","null","<div class=""pairwise-prompt"">Which of these two problems has been bothering you more during the last two weeks?</div><div class=""pairwise-iti-fixation"">+</div>
    <div class=""pairwise-progress"">
      <div class=""pairwise-progress-bar"">
        <div class=""pairwise-progress-caption"">Your progress</div>
        <div class=""pairwise-progress-segments""><div class=""pairwise-progress-segment""><div class=""pairwise-progress-segment-fill"" style=""width: 46%""></div></div><div class=""pairwise-progress-segment""><div class=""pairwise-progress-segment-fill"" style=""width: 0%""></div></div><div class=""pairwise-progress-segment""><div class=""pairwise-progress-segment-fill"" style=""width: 0%""></div></div><div class=""pairwise-progress-segment""><div class=""pairwise-progress-segment-fill"" style=""width: 0%""></div></div></div>
      </div>
      <div class=""pairwise-progress-part-label"">Part 1 of 4</div>
    </div>","null","","iti","","","","","","","","","","","","","","","","","","","","","","","","","","","","","","","pairwise","13","","","","","","","","","","","",""
"html-button-response","53","2.1.0","240287","l1stv4eg","9a2xyneg","603e1fe6849f5c63a9997cf5","6abccec7e23d98550c18ccbb","session_2","1920","1080","2026-10-01T08:16:06.920Z","0","ok","2041","
      <div class=""pairwise-prompt"">Which of these two problems has been bothering you more during the last two weeks?</div>
    <div class=""pairwise-progress"">
      <div class=""pairwise-progress-bar"">
        <div class=""pairwise-progress-caption"">Your progress</div>
        <div class=""pairwise-progress-segments""><div class=""pairwise-progress-segment""><div class=""pairwise-progress-segment-fill"" style=""width: 46%""></div></div><div class=""pairwise-progress-segment""><div class=""pairwise-progress-segment-fill"" style=""width: 0%""></div></div><div class=""pairwise-progress-segment""><div class=""pairwise-progress-segment-fill"" style=""width: 0%""></div></div><div class=""pairwise-progress-segment""><div class=""pairwise-progress-segment-fill"" style=""width: 0%""></div></div></div>
      </div>
      <div class=""pairwise-progress-part-label"">Part 1 of 4</div>
    </div>","1","","pairwise","mouse","","","","","","","","","","","","","","","","","","","","","","","","","","","","","","","13","5a","Poor appetite","1","Little interest or pleasure in doing things","240755","2041","right","1","Little interest or pleasure in doing things","false","",""
"html-keyboard-response","54","2.1.0","242302","l1stv4eg","9a2xyneg","603e1fe6849f5c63a9997cf5","6abccec7e23d98550c18ccbb","session_2","1920","1080","2026-10-01T08:16:08.935Z","0","ok","null","<div class=""pairwise-prompt"">Which of these two problems has been bothering you more during the last two weeks?</div><div class=""pairwise-iti-fixation"">+</div>
    <div class=""pairwise-progress"">
      <div class=""pairwise-progress-bar"">
        <div class=""pairwise-progress-caption"">Your progress</div>
        <div class=""pairwise-progress-segments""><div class=""pairwise-progress-segment""><div class=""pairwise-progress-segment-fill"" style=""width: 50%""></div></div><div class=""pairwise-progress-segment""><div class=""pairwise-progress-segment-fill"" style=""width: 0%""></div></div><div class=""pairwise-progress-segment""><div class=""pairwise-progress-segment-fill"" style=""width: 0%""></div></div><div class=""pairwise-progress-segment""><div class=""pairwise-progress-segment-fill"" style=""width: 0%""></div></div></div>
      </div>
      <div class=""pairwise-progress-part-label"">Part 1 of 4</div>
    </div>","null","","iti","","","","","","","","","","","","","","","","","","","","","","","","","","","","","","","pairwise","14","","","","","","","","","","","",""
"html-button-response","55","2.1.0","244357","l1stv4eg","9a2xyneg","603e1fe6849f5c63a9997cf5","6abccec7e23d98550c18ccbb","session_2","1920","1080","2026-10-01T08:16:10.990Z","0","ok","2054","
      <div class=""pairwise-prompt"">Which of these two problems has been bothering you more during the last two weeks?</div>
    <div class=""pairwise-progress"">
      <div class=""pairwise-progress-bar"">
        <div class=""pairwise-progress-caption"">Your progress</div>
        <div class=""pairwise-progress-segments""><div class=""pairwise-progress-segment""><div class=""pairwise-progress-segment-fill"" style=""width: 50%""></div></div><div class=""pairwise-progress-segment""><div class=""pairwise-progress-segment-fill"" style=""width: 0%""></div></div><div class=""pairwise-progress-segment""><div class=""pairwise-progress-segment-fill"" style=""width: 0%""></div></div><div class=""pairwise-progress-segment""><div class=""pairwise-progress-segment-fill"" style=""width: 0%""></div></div></div>
      </div>
      <div class=""pairwise-progress-part-label"">Part 1 of 4</div>
    </div>","1","","pairwise","mouse","","","","","","","","","","","","","","","","","","","","","","","","","","","","","","","14","9b","Thoughts of hurting yourself in some way","4","Feeling tired or having little energy","244811","2054","right","4","Feeling tired or having little energy","false","",""
"html-keyboard-response","56","2.1.0","246367","l1stv4eg","9a2xyneg","603e1fe6849f5c63a9997cf5","6abccec7e23d98550c18ccbb","session_2","1920","1080","2026-10-01T08:16:13.000Z","0","ok","null","<div class=""pairwise-prompt"">Which of these two problems has been bothering you more during the last two weeks?</div><div class=""pairwise-iti-fixation"">+</div>
    <div class=""pairwise-progress"">
      <div class=""pairwise-progress-bar"">
        <div class=""pairwise-progress-caption"">Your progress</div>
        <div class=""pairwise-progress-segments""><div class=""pairwise-progress-segment""><div class=""pairwise-progress-segment-fill"" style=""width: 54%""></div></div><div class=""pairwise-progress-segment""><div class=""pairwise-progress-segment-fill"" style=""width: 0%""></div></div><div class=""pairwise-progress-segment""><div class=""pairwise-progress-segment-fill"" style=""width: 0%""></div></div><div class=""pairwise-progress-segment""><div class=""pairwise-progress-segment-fill"" style=""width: 0%""></div></div></div>
      </div>
      <div class=""pairwise-progress-part-label"">Part 1 of 4</div>
    </div>","null","","iti","","","","","","","","","","","","","","","","","","","","","","","","","","","","","","","pairwise","15","","","","","","","","","","","",""
"html-button-response","57","2.1.0","247527","l1stv4eg","9a2xyneg","603e1fe6849f5c63a9997cf5","6abccec7e23d98550c18ccbb","session_2","1920","1080","2026-10-01T08:16:14.161Z","0","ok","1159","
      <div class=""pairwise-prompt"">Which of these two problems has been bothering you more during the last two weeks?</div>
    <div class=""pairwise-progress"">
      <div class=""pairwise-progress-bar"">
        <div class=""pairwise-progress-caption"">Your progress</div>
        <div class=""pairwise-progress-segments""><div class=""pairwise-progress-segment""><div class=""pairwise-progress-segment-fill"" style=""width: 54%""></div></div><div class=""pairwise-progress-segment""><div class=""pairwise-progress-segment-fill"" style=""width: 0%""></div></div><div class=""pairwise-progress-segment""><div class=""pairwise-progress-segment-fill"" style=""width: 0%""></div></div><div class=""pairwise-progress-segment""><div class=""pairwise-progress-segment-fill"" style=""width: 0%""></div></div></div>
      </div>
      <div class=""pairwise-progress-part-label"">Part 1 of 4</div>
    </div>","0","","pairwise","mouse","","","","","","","","","","","","","","","","","","","","","","","","","","","","","","","15","7","Trouble concentrating","5a","Poor appetite","248877","1159","left","7","Trouble concentrating","false","",""
"html-keyboard-response","58","2.1.0","249533","l1stv4eg","9a2xyneg","603e1fe6849f5c63a9997cf5","6abccec7e23d98550c18ccbb","session_2","1920","1080","2026-10-01T08:16:16.166Z","0","ok","null","<div class=""pairwise-prompt"">Which of these two problems has been bothering you more during the last two weeks?</div><div class=""pairwise-iti-fixation"">+</div>
    <div class=""pairwise-progress"">
      <div class=""pairwise-progress-bar"">
        <div class=""pairwise-progress-caption"">Your progress</div>
        <div class=""pairwise-progress-segments""><div class=""pairwise-progress-segment""><div class=""pairwise-progress-segment-fill"" style=""width: 58%""></div></div><div class=""pairwise-progress-segment""><div class=""pairwise-progress-segment-fill"" style=""width: 0%""></div></div><div class=""pairwise-progress-segment""><div class=""pairwise-progress-segment-fill"" style=""width: 0%""></div></div><div class=""pairwise-progress-segment""><div class=""pairwise-progress-segment-fill"" style=""width: 0%""></div></div></div>
      </div>
      <div class=""pairwise-progress-part-label"">Part 1 of 4</div>
    </div>","null","","iti","","","","","","","","","","","","","","","","","","","","","","","","","","","","","","","pairwise","16","","","","","","","","","","","",""
"html-button-response","59","2.1.0","252271","l1stv4eg","9a2xyneg","603e1fe6849f5c63a9997cf5","6abccec7e23d98550c18ccbb","session_2","1920","1080","2026-10-01T08:16:18.904Z","0","ok","2736","
      <div class=""pairwise-prompt"">Which of these two problems has been bothering you more during the last two weeks?</div>
    <div class=""pairwise-progress"">
      <div class=""pairwise-progress-bar"">
        <div class=""pairwise-progress-caption"">Your progress</div>
        <div class=""pairwise-progress-segments""><div class=""pairwise-progress-segment""><div class=""pairwise-progress-segment-fill"" style=""width: 58%""></div></div><div class=""pairwise-progress-segment""><div class=""pairwise-progress-segment-fill"" style=""width: 0%""></div></div><div class=""pairwise-progress-segment""><div class=""pairwise-progress-segment-fill"" style=""width: 0%""></div></div><div class=""pairwise-progress-segment""><div class=""pairwise-progress-segment-fill"" style=""width: 0%""></div></div></div>
      </div>
      <div class=""pairwise-progress-part-label"">Part 1 of 4</div>
    </div>","1","","pairwise","mouse","","","","","","","","","","","","","","","","","","","","","","","","","","","","","","","16","9b","Thoughts of hurting yourself in some way","6b","Feeling that you have let yourself or your family down","252043","2736","right","6b","Feeling that you have let yourself or your family down","false","",""
"html-keyboard-response","60","2.1.0","254287","l1stv4eg","9a2xyneg","603e1fe6849f5c63a9997cf5","6abccec7e23d98550c18ccbb","session_2","1920","1080","2026-10-01T08:16:20.920Z","0","ok","null","<div class=""pairwise-prompt"">Which of these two problems has been bothering you more during the last two weeks?</div><div class=""pairwise-iti-fixation"">+</div>
    <div class=""pairwise-progress"">
      <div class=""pairwise-progress-bar"">
        <div class=""pairwise-progress-caption"">Your progress</div>
        <div class=""pairwise-progress-segments""><div class=""pairwise-progress-segment""><div class=""pairwise-progress-segment-fill"" style=""width: 62%""></div></div><div class=""pairwise-progress-segment""><div class=""pairwise-progress-segment-fill"" style=""width: 0%""></div></div><div class=""pairwise-progress-segment""><div class=""pairwise-progress-segment-fill"" style=""width: 0%""></div></div><div class=""pairwise-progress-segment""><div class=""pairwise-progress-segment-fill"" style=""width: 0%""></div></div></div>
      </div>
      <div class=""pairwise-progress-part-label"">Part 1 of 4</div>
    </div>","null","","iti","","","","","","","","","","","","","","","","","","","","","","","","","","","","","","","pairwise","17","","","","","","","","","","","",""
"html-button-response","61","2.1.0","256258","l1stv4eg","9a2xyneg","603e1fe6849f5c63a9997cf5","6abccec7e23d98550c18ccbb","session_2","1920","1080","2026-10-01T08:16:22.891Z","0","ok","1970","
      <div class=""pairwise-prompt"">Which of these two problems has been bothering you more during the last two weeks?</div>
    <div class=""pairwise-progress"">
      <div class=""pairwise-progress-bar"">
        <div class=""pairwise-progress-caption"">Your progress</div>
        <div class=""pairwise-progress-segments""><div class=""pairwise-progress-segment""><div class=""pairwise-progress-segment-fill"" style=""width: 62%""></div></div><div class=""pairwise-progress-segment""><div class=""pairwise-progress-segment-fill"" style=""width: 0%""></div></div><div class=""pairwise-progress-segment""><div class=""pairwise-progress-segment-fill"" style=""width: 0%""></div></div><div class=""pairwise-progress-segment""><div class=""pairwise-progress-segment-fill"" style=""width: 0%""></div></div></div>
      </div>
      <div class=""pairwise-progress-part-label"">Part 1 of 4</div>
    </div>","0","","pairwise","mouse","","","","","","","","","","","","","","","","","","","","","","","","","","","","","","","17","4","Feeling tired or having little energy","9a","Thoughts that you would be better off dead","256797","1970","left","4","Feeling tired or having little energy","false","",""
"html-keyboard-response","62","2.1.0","258272","l1stv4eg","9a2xyneg","603e1fe6849f5c63a9997cf5","6abccec7e23d98550c18ccbb","session_2","1920","1080","2026-10-01T08:16:24.905Z","0","ok","null","<div class=""pairwise-prompt"">Which of these two problems has been bothering you more during the last two weeks?</div><div class=""pairwise-iti-fixation"">+</div>
    <div class=""pairwise-progress"">
      <div class=""pairwise-progress-bar"">
        <div class=""pairwise-progress-caption"">Your progress</div>
        <div class=""pairwise-progress-segments""><div class=""pairwise-progress-segment""><div class=""pairwise-progress-segment-fill"" style=""width: 65%""></div></div><div class=""pairwise-progress-segment""><div class=""pairwise-progress-segment-fill"" style=""width: 0%""></div></div><div class=""pairwise-progress-segment""><div class=""pairwise-progress-segment-fill"" style=""width: 0%""></div></div><div class=""pairwise-progress-segment""><div class=""pairwise-progress-segment-fill"" style=""width: 0%""></div></div></div>
      </div>
      <div class=""pairwise-progress-part-label"">Part 1 of 4</div>
    </div>","null","","iti","","","","","","","","","","","","","","","","","","","","","","","","","","","","","","","pairwise","18","","","","","","","","","","","",""
"html-button-response","63","2.1.0","260916","l1stv4eg","9a2xyneg","603e1fe6849f5c63a9997cf5","6abccec7e23d98550c18ccbb","session_2","1920","1080","2026-10-01T08:16:27.549Z","0","ok","2643","
      <div class=""pairwise-prompt"">Which of these two problems has been bothering you more during the last two weeks?</div>
    <div class=""pairwise-progress"">
      <div class=""pairwise-progress-bar"">
        <div class=""pairwise-progress-caption"">Your progress</div>
        <div class=""pairwise-progress-segments""><div class=""pairwise-progress-segment""><div class=""pairwise-progress-segment-fill"" style=""width: 65%""></div></div><div class=""pairwise-progress-segment""><div class=""pairwise-progress-segment-fill"" style=""width: 0%""></div></div><div class=""pairwise-progress-segment""><div class=""pairwise-progress-segment-fill"" style=""width: 0%""></div></div><div class=""pairwise-progress-segment""><div class=""pairwise-progress-segment-fill"" style=""width: 0%""></div></div></div>
      </div>
      <div class=""pairwise-progress-part-label"">Part 1 of 4</div>
    </div>","2","","pairwise","mouse","","","","","","","","","","","","","","","","","","","","","","","","","","","","","","","18","5b","Overeating","8b","Being so fidgety or restless that you have been moving around a lot more than usual","260782","2643","skip","","","true","",""
"html-keyboard-response","64","2.1.0","262930","l1stv4eg","9a2xyneg","603e1fe6849f5c63a9997cf5","6abccec7e23d98550c18ccbb","session_2","1920","1080","2026-10-01T08:16:29.563Z","0","ok","null","<div class=""pairwise-prompt"">Which of these two problems has been bothering you more during the last two weeks?</div><div class=""pairwise-iti-fixation"">+</div>
    <div class=""pairwise-progress"">
      <div class=""pairwise-progress-bar"">
        <div class=""pairwise-progress-caption"">Your progress</div>
        <div class=""pairwise-progress-segments""><div class=""pairwise-progress-segment""><div class=""pairwise-progress-segment-fill"" style=""width: 69%""></div></div><div class=""pairwise-progress-segment""><div class=""pairwise-progress-segment-fill"" style=""width: 0%""></div></div><div class=""pairwise-progress-segment""><div class=""pairwise-progress-segment-fill"" style=""width: 0%""></div></div><div class=""pairwise-progress-segment""><div class=""pairwise-progress-segment-fill"" style=""width: 0%""></div></div></div>
      </div>
      <div class=""pairwise-progress-part-label"">Part 1 of 4</div>
    </div>","null","","iti","","","","","","","","","","","","","","","","","","","","","","","","","","","","","","","pairwise","19","","","","","","","","","","","",""
"html-button-response","65","2.1.0","264853","l1stv4eg","9a2xyneg","603e1fe6849f5c63a9997cf5","6abccec7e23d98550c18ccbb","session_2","1920","1080","2026-10-01T08:16:31.487Z","0","ok","1922","
      <div class=""pairwise-prompt"">Which of these two problems has been bothering you more during the last two weeks?</div>
    <div class=""pairwise-progress"">
      <div class=""pairwise-progress-bar"">
        <div class=""pairwise-progress-caption"">Your progress</div>
        <div class=""pairwise-progress-segments""><div class=""pairwise-progress-segment""><div class=""pairwise-progress-segment-fill"" style=""width: 69%""></div></div><div class=""pairwise-progress-segment""><div class=""pairwise-progress-segment-fill"" style=""width: 0%""></div></div><div class=""pairwise-progress-segment""><div class=""pairwise-progress-segment-fill"" style=""width: 0%""></div></div><div class=""pairwise-progress-segment""><div class=""pairwise-progress-segment-fill"" style=""width: 0%""></div></div></div>
      </div>
      <div class=""pairwise-progress-part-label"">Part 1 of 4</div>
    </div>","1","","pairwise","mouse","","","","","","","","","","","","","","","","","","","","","","","","","","","","","","","19","4","Feeling tired or having little energy","6a","Feeling bad about yourself or that you are a failure","265440","1922","right","6a","Feeling bad about yourself or that you are a failure","false","",""
"html-keyboard-response","66","2.1.0","266866","l1stv4eg","9a2xyneg","603e1fe6849f5c63a9997cf5","6abccec7e23d98550c18ccbb","session_2","1920","1080","2026-10-01T08:16:33.499Z","0","ok","null","<div class=""pairwise-prompt"">Which of these two problems has been bothering you more during the last two weeks?</div><div class=""pairwise-iti-fixation"">+</div>
    <div class=""pairwise-progress"">
      <div class=""pairwise-progress-bar"">
        <div class=""pairwise-progress-caption"">Your progress</div>
        <div class=""pairwise-progress-segments""><div class=""pairwise-progress-segment""><div class=""pairwise-progress-segment-fill"" style=""width: 73%""></div></div><div class=""pairwise-progress-segment""><div class=""pairwise-progress-segment-fill"" style=""width: 0%""></div></div><div class=""pairwise-progress-segment""><div class=""pairwise-progress-segment-fill"" style=""width: 0%""></div></div><div class=""pairwise-progress-segment""><div class=""pairwise-progress-segment-fill"" style=""width: 0%""></div></div></div>
      </div>
      <div class=""pairwise-progress-part-label"">Part 1 of 4</div>
    </div>","null","","iti","","","","","","","","","","","","","","","","","","","","","","","","","","","","","","","pairwise","20","","","","","","","","","","","",""
"html-button-response","67","2.1.0","268718","l1stv4eg","9a2xyneg","603e1fe6849f5c63a9997cf5","6abccec7e23d98550c18ccbb","session_2","1920","1080","2026-10-01T08:16:35.351Z","0","ok","1850","
      <div class=""pairwise-prompt"">Which of these two problems has been bothering you more during the last two weeks?</div>
    <div class=""pairwise-progress"">
      <div class=""pairwise-progress-bar"">
        <div class=""pairwise-progress-caption"">Your progress</div>
        <div class=""pairwise-progress-segments""><div class=""pairwise-progress-segment""><div class=""pairwise-progress-segment-fill"" style=""width: 73%""></div></div><div class=""pairwise-progress-segment""><div class=""pairwise-progress-segment-fill"" style=""width: 0%""></div></div><div class=""pairwise-progress-segment""><div class=""pairwise-progress-segment-fill"" style=""width: 0%""></div></div><div class=""pairwise-progress-segment""><div class=""pairwise-progress-segment-fill"" style=""width: 0%""></div></div></div>
      </div>
      <div class=""pairwise-progress-part-label"">Part 1 of 4</div>
    </div>","2","","pairwise","mouse","","","","","","","","","","","","","","","","","","","","","","","","","","","","","","","20","8a","Moving or speaking slowly that other people could have noticed","9b","Thoughts of hurting yourself in some way","269375","1850","skip","","","true","",""
"html-keyboard-response","68","2.1.0","270728","l1stv4eg","9a2xyneg","603e1fe6849f5c63a9997cf5","6abccec7e23d98550c18ccbb","session_2","1920","1080","2026-10-01T08:16:37.362Z","0","ok","null","<div class=""pairwise-prompt"">Which of these two problems has been bothering you more during the last two weeks?</div><div class=""pairwise-iti-fixation"">+</div>
    <div class=""pairwise-progress"">
      <div class=""pairwise-progress-bar"">
        <div class=""pairwise-progress-caption"">Your progress</div>
        <div class=""pairwise-progress-segments""><div class=""pairwise-progress-segment""><div class=""pairwise-progress-segment-fill"" style=""width: 77%""></div></div><div class=""pairwise-progress-segment""><div class=""pairwise-progress-segment-fill"" style=""width: 0%""></div></div><div class=""pairwise-progress-segment""><div class=""pairwise-progress-segment-fill"" style=""width: 0%""></div></div><div class=""pairwise-progress-segment""><div class=""pairwise-progress-segment-fill"" style=""width: 0%""></div></div></div>
      </div>
      <div class=""pairwise-progress-part-label"">Part 1 of 4</div>
    </div>","null","","iti","","","","","","","","","","","","","","","","","","","","","","","","","","","","","","","pairwise","21","","","","","","","","","","","",""
"html-button-response","69","2.1.0","273180","l1stv4eg","9a2xyneg","603e1fe6849f5c63a9997cf5","6abccec7e23d98550c18ccbb","session_2","1920","1080","2026-10-01T08:16:39.813Z","0","ok","2450","
      <div class=""pairwise-prompt"">Which of these two problems has been bothering you more during the last two weeks?</div>
    <div class=""pairwise-progress"">
      <div class=""pairwise-progress-bar"">
        <div class=""pairwise-progress-caption"">Your progress</div>
        <div class=""pairwise-progress-segments""><div class=""pairwise-progress-segment""><div class=""pairwise-progress-segment-fill"" style=""width: 77%""></div></div><div class=""pairwise-progress-segment""><div class=""pairwise-progress-segment-fill"" style=""width: 0%""></div></div><div class=""pairwise-progress-segment""><div class=""pairwise-progress-segment-fill"" style=""width: 0%""></div></div><div class=""pairwise-progress-segment""><div class=""pairwise-progress-segment-fill"" style=""width: 0%""></div></div></div>
      </div>
      <div class=""pairwise-progress-part-label"">Part 1 of 4</div>
    </div>","0","","pairwise","mouse","","","","","","","","","","","","","","","","","","","","","","","","","","","","","","","21","6a","Feeling bad about yourself or that you are a failure","7","Trouble concentrating","273238","2450","left","6a","Feeling bad about yourself or that you are a failure","false","",""
"html-keyboard-response","70","2.1.0","275197","l1stv4eg","9a2xyneg","603e1fe6849f5c63a9997cf5","6abccec7e23d98550c18ccbb","session_2","1920","1080","2026-10-01T08:16:41.830Z","0","ok","null","<div class=""pairwise-prompt"">Which of these two problems has been bothering you more during the last two weeks?</div><div class=""pairwise-iti-fixation"">+</div>
    <div class=""pairwise-progress"">
      <div class=""pairwise-progress-bar"">
        <div class=""pairwise-progress-caption"">Your progress</div>
        <div class=""pairwise-progress-segments""><div class=""pairwise-progress-segment""><div class=""pairwise-progress-segment-fill"" style=""width: 81%""></div></div><div class=""pairwise-progress-segment""><div class=""pairwise-progress-segment-fill"" style=""width: 0%""></div></div><div class=""pairwise-progress-segment""><div class=""pairwise-progress-segment-fill"" style=""width: 0%""></div></div><div class=""pairwise-progress-segment""><div class=""pairwise-progress-segment-fill"" style=""width: 0%""></div></div></div>
      </div>
      <div class=""pairwise-progress-part-label"">Part 1 of 4</div>
    </div>","null","","iti","","","","","","","","","","","","","","","","","","","","","","","","","","","","","","","pairwise","22","","","","","","","","","","","",""
"html-button-response","71","2.1.0","279040","l1stv4eg","9a2xyneg","603e1fe6849f5c63a9997cf5","6abccec7e23d98550c18ccbb","session_2","1920","1080","2026-10-01T08:16:45.673Z","0","ok","3841","
      <div class=""pairwise-prompt"">Which of these two problems has been bothering you more during the last two weeks?</div>
    <div class=""pairwise-progress"">
      <div class=""pairwise-progress-bar"">
        <div class=""pairwise-progress-caption"">Your progress</div>
        <div class=""pairwise-progress-segments""><div class=""pairwise-progress-segment""><div class=""pairwise-progress-segment-fill"" style=""width: 81%""></div></div><div class=""pairwise-progress-segment""><div class=""pairwise-progress-segment-fill"" style=""width: 0%""></div></div><div class=""pairwise-progress-segment""><div class=""pairwise-progress-segment-fill"" style=""width: 0%""></div></div><div class=""pairwise-progress-segment""><div class=""pairwise-progress-segment-fill"" style=""width: 0%""></div></div></div>
      </div>
      <div class=""pairwise-progress-part-label"">Part 1 of 4</div>
    </div>","0","","pairwise","mouse","","","","","","","","","","","","","","","","","","","","","","","","","","","","","","","22","1","Little interest or pleasure in doing things","2b","Feeling hopeless","277707","3841","left","1","Little interest or pleasure in doing things","false","",""
"html-keyboard-response","72","2.1.0","281049","l1stv4eg","9a2xyneg","603e1fe6849f5c63a9997cf5","6abccec7e23d98550c18ccbb","session_2","1920","1080","2026-10-01T08:16:47.682Z","0","ok","null","<div class=""pairwise-prompt"">Which of these two problems has been bothering you more during the last two weeks?</div><div class=""pairwise-iti-fixation"">+</div>
    <div class=""pairwise-progress"">
      <div class=""pairwise-progress-bar"">
        <div class=""pairwise-progress-caption"">Your progress</div>
        <div class=""pairwise-progress-segments""><div class=""pairwise-progress-segment""><div class=""pairwise-progress-segment-fill"" style=""width: 85%""></div></div><div class=""pairwise-progress-segment""><div class=""pairwise-progress-segment-fill"" style=""width: 0%""></div></div><div class=""pairwise-progress-segment""><div class=""pairwise-progress-segment-fill"" style=""width: 0%""></div></div><div class=""pairwise-progress-segment""><div class=""pairwise-progress-segment-fill"" style=""width: 0%""></div></div></div>
      </div>
      <div class=""pairwise-progress-part-label"">Part 1 of 4</div>
    </div>","null","","iti","","","","","","","","","","","","","","","","","","","","","","","","","","","","","","","pairwise","23","","","","","","","","","","","",""
"html-button-response","73","2.1.0","288171","l1stv4eg","9a2xyneg","603e1fe6849f5c63a9997cf5","6abccec7e23d98550c18ccbb","session_2","1920","1080","2026-10-01T08:16:54.804Z","0","ok","7123","
      <div class=""pairwise-prompt"">Which of these two problems has been bothering you more during the last two weeks?</div>
    <div class=""pairwise-progress"">
      <div class=""pairwise-progress-bar"">
        <div class=""pairwise-progress-caption"">Your progress</div>
        <div class=""pairwise-progress-segments""><div class=""pairwise-progress-segment""><div class=""pairwise-progress-segment-fill"" style=""width: 85%""></div></div><div class=""pairwise-progress-segment""><div class=""pairwise-progress-segment-fill"" style=""width: 0%""></div></div><div class=""pairwise-progress-segment""><div class=""pairwise-progress-segment-fill"" style=""width: 0%""></div></div><div class=""pairwise-progress-segment""><div class=""pairwise-progress-segment-fill"" style=""width: 0%""></div></div></div>
      </div>
      <div class=""pairwise-progress-part-label"">Part 1 of 4</div>
    </div>","1","","pairwise","mouse","","","","","","","","","","","","","","","","","","","","","","","","","","","","","","","23","8b","Being so fidgety or restless that you have been moving around a lot more than usual","6a","Feeling bad about yourself or that you are a failure","283558","7123","right","6a","Feeling bad about yourself or that you are a failure","false","",""
"html-keyboard-response","74","2.1.0","290180","l1stv4eg","9a2xyneg","603e1fe6849f5c63a9997cf5","6abccec7e23d98550c18ccbb","session_2","1920","1080","2026-10-01T08:16:56.813Z","0","ok","null","<div class=""pairwise-prompt"">Which of these two problems has been bothering you more during the last two weeks?</div><div class=""pairwise-iti-fixation"">+</div>
    <div class=""pairwise-progress"">
      <div class=""pairwise-progress-bar"">
        <div class=""pairwise-progress-caption"">Your progress</div>
        <div class=""pairwise-progress-segments""><div class=""pairwise-progress-segment""><div class=""pairwise-progress-segment-fill"" style=""width: 88%""></div></div><div class=""pairwise-progress-segment""><div class=""pairwise-progress-segment-fill"" style=""width: 0%""></div></div><div class=""pairwise-progress-segment""><div class=""pairwise-progress-segment-fill"" style=""width: 0%""></div></div><div class=""pairwise-progress-segment""><div class=""pairwise-progress-segment-fill"" style=""width: 0%""></div></div></div>
      </div>
      <div class=""pairwise-progress-part-label"">Part 1 of 4</div>
    </div>","null","","iti","","","","","","","","","","","","","","","","","","","","","","","","","","","","","","","pairwise","24","","","","","","","","","","","",""
"html-button-response","75","2.1.0","296106","l1stv4eg","9a2xyneg","603e1fe6849f5c63a9997cf5","6abccec7e23d98550c18ccbb","session_2","1920","1080","2026-10-01T08:17:02.739Z","0","ok","5925","
      <div class=""pairwise-prompt"">Which of these two problems has been bothering you more during the last two weeks?</div>
    <div class=""pairwise-progress"">
      <div class=""pairwise-progress-bar"">
        <div class=""pairwise-progress-caption"">Your progress</div>
        <div class=""pairwise-progress-segments""><div class=""pairwise-progress-segment""><div class=""pairwise-progress-segment-fill"" style=""width: 88%""></div></div><div class=""pairwise-progress-segment""><div class=""pairwise-progress-segment-fill"" style=""width: 0%""></div></div><div class=""pairwise-progress-segment""><div class=""pairwise-progress-segment-fill"" style=""width: 0%""></div></div><div class=""pairwise-progress-segment""><div class=""pairwise-progress-segment-fill"" style=""width: 0%""></div></div></div>
      </div>
      <div class=""pairwise-progress-part-label"">Part 1 of 4</div>
    </div>","0","","pairwise","mouse","","","","","","","","","","","","","","","","","","","","","","","","","","","","","","","24","7","Trouble concentrating","8a","Moving or speaking slowly that other people could have noticed","292692","5925","left","7","Trouble concentrating","false","",""
"html-keyboard-response","76","2.1.0","298110","l1stv4eg","9a2xyneg","603e1fe6849f5c63a9997cf5","6abccec7e23d98550c18ccbb","session_2","1920","1080","2026-10-01T08:17:04.743Z","0","ok","null","<div class=""pairwise-prompt"">Which of these two problems has been bothering you more during the last two weeks?</div><div class=""pairwise-iti-fixation"">+</div>
    <div class=""pairwise-progress"">
      <div class=""pairwise-progress-bar"">
        <div class=""pairwise-progress-caption"">Your progress</div>
        <div class=""pairwise-progress-segments""><div class=""pairwise-progress-segment""><div class=""pairwise-progress-segment-fill"" style=""width: 92%""></div></div><div class=""pairwise-progress-segment""><div class=""pairwise-progress-segment-fill"" style=""width: 0%""></div></div><div class=""pairwise-progress-segment""><div class=""pairwise-progress-segment-fill"" style=""width: 0%""></div></div><div class=""pairwise-progress-segment""><div class=""pairwise-progress-segment-fill"" style=""width: 0%""></div></div></div>
      </div>
      <div class=""pairwise-progress-part-label"">Part 1 of 4</div>
    </div>","null","","iti","","","","","","","","","","","","","","","","","","","","","","","","","","","","","","","pairwise","25","","","","","","","","","","","",""
"html-button-response","77","2.1.0","301637","l1stv4eg","9a2xyneg","603e1fe6849f5c63a9997cf5","6abccec7e23d98550c18ccbb","session_2","1920","1080","2026-10-01T08:17:08.270Z","0","ok","3526","
      <div class=""pairwise-prompt"">Which of these two problems has been bothering you more during the last two weeks?</div>
    <div class=""pairwise-progress"">
      <div class=""pairwise-progress-bar"">
        <div class=""pairwise-progress-caption"">Your progress</div>
        <div class=""pairwise-progress-segments""><div class=""pairwise-progress-segment""><div class=""pairwise-progress-segment-fill"" style=""width: 92%""></div></div><div class=""pairwise-progress-segment""><div class=""pairwise-progress-segment-fill"" style=""width: 0%""></div></div><div class=""pairwise-progress-segment""><div class=""pairwise-progress-segment-fill"" style=""width: 0%""></div></div><div class=""pairwise-progress-segment""><div class=""pairwise-progress-segment-fill"" style=""width: 0%""></div></div></div>
      </div>
      <div class=""pairwise-progress-part-label"">Part 1 of 4</div>
    </div>","2","","pairwise","mouse","","","","","","","","","","","","","","","","","","","","","","","","","","","","","","","25","3b","Sleeping too much","8a","Moving or speaking slowly that other people could have noticed","300622","3526","skip","","","true","",""
"html-keyboard-response","78","2.1.0","303643","l1stv4eg","9a2xyneg","603e1fe6849f5c63a9997cf5","6abccec7e23d98550c18ccbb","session_2","1920","1080","2026-10-01T08:17:10.276Z","0","ok","null","<div class=""pairwise-prompt"">Which of these two problems has been bothering you more during the last two weeks?</div><div class=""pairwise-iti-fixation"">+</div>
    <div class=""pairwise-progress"">
      <div class=""pairwise-progress-bar"">
        <div class=""pairwise-progress-caption"">Your progress</div>
        <div class=""pairwise-progress-segments""><div class=""pairwise-progress-segment""><div class=""pairwise-progress-segment-fill"" style=""width: 96%""></div></div><div class=""pairwise-progress-segment""><div class=""pairwise-progress-segment-fill"" style=""width: 0%""></div></div><div class=""pairwise-progress-segment""><div class=""pairwise-progress-segment-fill"" style=""width: 0%""></div></div><div class=""pairwise-progress-segment""><div class=""pairwise-progress-segment-fill"" style=""width: 0%""></div></div></div>
      </div>
      <div class=""pairwise-progress-part-label"">Part 1 of 4</div>
    </div>","null","","iti","","","","","","","","","","","","","","","","","","","","","","","","","","","","","","","pairwise","26","","","","","","","","","","","",""
"html-button-response","79","2.1.0","305496","l1stv4eg","9a2xyneg","603e1fe6849f5c63a9997cf5","6abccec7e23d98550c18ccbb","session_2","1920","1080","2026-10-01T08:17:12.129Z","0","ok","1852","
      <div class=""pairwise-prompt"">Which of these two problems has been bothering you more during the last two weeks?</div>
    <div class=""pairwise-progress"">
      <div class=""pairwise-progress-bar"">
        <div class=""pairwise-progress-caption"">Your progress</div>
        <div class=""pairwise-progress-segments""><div class=""pairwise-progress-segment""><div class=""pairwise-progress-segment-fill"" style=""width: 96%""></div></div><div class=""pairwise-progress-segment""><div class=""pairwise-progress-segment-fill"" style=""width: 0%""></div></div><div class=""pairwise-progress-segment""><div class=""pairwise-progress-segment-fill"" style=""width: 0%""></div></div><div class=""pairwise-progress-segment""><div class=""pairwise-progress-segment-fill"" style=""width: 0%""></div></div></div>
      </div>
      <div class=""pairwise-progress-part-label"">Part 1 of 4</div>
    </div>","1","","pairwise","mouse","","","","","","","","","","","","","","","","","","","","","","","","","","","","","","","26","7","Trouble concentrating","1","Little interest or pleasure in doing things","306155","1852","right","1","Little interest or pleasure in doing things","false","",""
"html-button-response","80","2.1.0","306870","l1stv4eg","9a2xyneg","603e1fe6849f5c63a9997cf5","6abccec7e23d98550c18ccbb","session_2","1920","1080","2026-10-01T08:17:13.503Z","0","ok","1373","
        <div class=""instruction-card"">
          <div class=""instruction-card-heading"">
            <h1>Take a Break</h1>
            <span class=""instruction-card-accent""></span>
          </div>
          <div class=""instruction-card-body"">
            <p>You've completed Part 1 of 4! Feel free to take a break whenever you need.</p>
            <p>Click ""Continue"" when you're ready to proceed with Part 2.</p>
          </div>
        </div>","0","","phase2_break","","","","","","","","","","","","","","","","","","","","","","","","","","","","","","","","","","","","","","","","","","","1",""
"html-keyboard-response","81","2.1.0","308881","l1stv4eg","9a2xyneg","603e1fe6849f5c63a9997cf5","6abccec7e23d98550c18ccbb","session_2","1920","1080","2026-10-01T08:17:15.514Z","0","ok","null","<div class=""pairwise-prompt"">Which of these two problems has been bothering you more during the last two weeks?</div><div class=""pairwise-iti-fixation"">+</div>
    <div class=""pairwise-progress"">
      <div class=""pairwise-progress-bar"">
        <div class=""pairwise-progress-caption"">Your progress</div>
        <div class=""pairwise-progress-segments""><div class=""pairwise-progress-segment""><div class=""pairwise-progress-segment-fill"" style=""width: 100%""></div></div><div class=""pairwise-progress-segment""><div class=""pairwise-progress-segment-fill"" style=""width: 0%""></div></div><div class=""pairwise-progress-segment""><div class=""pairwise-progress-segment-fill"" style=""width: 0%""></div></div><div class=""pairwise-progress-segment""><div class=""pairwise-progress-segment-fill"" style=""width: 0%""></div></div></div>
      </div>
      <div class=""pairwise-progress-part-label"">Part 2 of 4</div>
    </div>","null","","iti","","","","","","","","","","","","","","","","","","","","","","","","","","","","","","","pairwise","27","","","","","","","","","","","",""
"html-button-response","82","2.1.0","310756","l1stv4eg","9a2xyneg","603e1fe6849f5c63a9997cf5","6abccec7e23d98550c18ccbb","session_2","1920","1080","2026-10-01T08:17:17.389Z","0","ok","1874","
      <div class=""pairwise-prompt"">Which of these two problems has been bothering you more during the last two weeks?</div>
    <div class=""pairwise-progress"">
      <div class=""pairwise-progress-bar"">
        <div class=""pairwise-progress-caption"">Your progress</div>
        <div class=""pairwise-progress-segments""><div class=""pairwise-progress-segment""><div class=""pairwise-progress-segment-fill"" style=""width: 100%""></div></div><div class=""pairwise-progress-segment""><div class=""pairwise-progress-segment-fill"" style=""width: 0%""></div></div><div class=""pairwise-progress-segment""><div class=""pairwise-progress-segment-fill"" style=""width: 0%""></div></div><div class=""pairwise-progress-segment""><div class=""pairwise-progress-segment-fill"" style=""width: 0%""></div></div></div>
      </div>
      <div class=""pairwise-progress-part-label"">Part 2 of 4</div>
    </div>","2","","pairwise","mouse","","","","","","","","","","","","","","","","","","","","","","","","","","","","","","","27","8b","Being so fidgety or restless that you have been moving around a lot more than usual","9b","Thoughts of hurting yourself in some way","311393","1874","skip","","","true","",""
"html-keyboard-response","83","2.1.0","312765","l1stv4eg","9a2xyneg","603e1fe6849f5c63a9997cf5","6abccec7e23d98550c18ccbb","session_2","1920","1080","2026-10-01T08:17:19.398Z","0","ok","null","<div class=""pairwise-prompt"">Which of these two problems has been bothering you more during the last two weeks?</div><div class=""pairwise-iti-fixation"">+</div>
    <div class=""pairwise-progress"">
      <div class=""pairwise-progress-bar"">
        <div class=""pairwise-progress-caption"">Your progress</div>
        <div class=""pairwise-progress-segments""><div class=""pairwise-progress-segment""><div class=""pairwise-progress-segment-fill"" style=""width: 100%""></div></div><div class=""pairwise-progress-segment""><div class=""pairwise-progress-segment-fill"" style=""width: 4%""></div></div><div class=""pairwise-progress-segment""><div class=""pairwise-progress-segment-fill"" style=""width: 0%""></div></div><div class=""pairwise-progress-segment""><div class=""pairwise-progress-segment-fill"" style=""width: 0%""></div></div></div>
      </div>
      <div class=""pairwise-progress-part-label"">Part 2 of 4</div>
    </div>","null","","iti","","","","","","","","","","","","","","","","","","","","","","","","","","","","","","","pairwise","28","","","","","","","","","","","",""
"html-button-response","84","2.1.0","315993","l1stv4eg","9a2xyneg","603e1fe6849f5c63a9997cf5","6abccec7e23d98550c18ccbb","session_2","1920","1080","2026-10-01T08:17:22.626Z","0","ok","3226","
      <div class=""pairwise-prompt"">Which of these two problems has been bothering you more during the last two weeks?</div>
    <div class=""pairwise-progress"">
      <div class=""pairwise-progress-bar"">
        <div class=""pairwise-progress-caption"">Your progress</div>
        <div class=""pairwise-progress-segments""><div class=""pairwise-progress-segment""><div class=""pairwise-progress-segment-fill"" style=""width: 100%""></div></div><div class=""pairwise-progress-segment""><div class=""pairwise-progress-segment-fill"" style=""width: 4%""></div></div><div class=""pairwise-progress-segment""><div class=""pairwise-progress-segment-fill"" style=""width: 0%""></div></div><div class=""pairwise-progress-segment""><div class=""pairwise-progress-segment-fill"" style=""width: 0%""></div></div></div>
      </div>
      <div class=""pairwise-progress-part-label"">Part 2 of 4</div>
    </div>","2","","pairwise","mouse","","","","","","","","","","","","","","","","","","","","","","","","","","","","","","","28","5a","Poor appetite","9b","Thoughts of hurting yourself in some way","315277","3226","skip","","","true","",""
"html-keyboard-response","85","2.1.0","318010","l1stv4eg","9a2xyneg","603e1fe6849f5c63a9997cf5","6abccec7e23d98550c18ccbb","session_2","1920","1080","2026-10-01T08:17:24.644Z","0","ok","null","<div class=""pairwise-prompt"">Which of these two problems has been bothering you more during the last two weeks?</div><div class=""pairwise-iti-fixation"">+</div>
    <div class=""pairwise-progress"">
      <div class=""pairwise-progress-bar"">
        <div class=""pairwise-progress-caption"">Your progress</div>
        <div class=""pairwise-progress-segments""><div class=""pairwise-progress-segment""><div class=""pairwise-progress-segment-fill"" style=""width: 100%""></div></div><div class=""pairwise-progress-segment""><div class=""pairwise-progress-segment-fill"" style=""width: 8%""></div></div><div class=""pairwise-progress-segment""><div class=""pairwise-progress-segment-fill"" style=""width: 0%""></div></div><div class=""pairwise-progress-segment""><div class=""pairwise-progress-segment-fill"" style=""width: 0%""></div></div></div>
      </div>
      <div class=""pairwise-progress-part-label"">Part 2 of 4</div>
    </div>","null","","iti","","","","","","","","","","","","","","","","","","","","","","","","","","","","","","","pairwise","29","","","","","","","","","","","",""
"html-button-response","86","2.1.0","319254","l1stv4eg","9a2xyneg","603e1fe6849f5c63a9997cf5","6abccec7e23d98550c18ccbb","session_2","1920","1080","2026-10-01T08:17:25.887Z","0","ok","1242","
      <div class=""pairwise-prompt"">Which of these two problems has been bothering you more during the last two weeks?</div>
    <div class=""pairwise-progress"">
      <div class=""pairwise-progress-bar"">
        <div class=""pairwise-progress-caption"">Your progress</div>
        <div class=""pairwise-progress-segments""><div class=""pairwise-progress-segment""><div class=""pairwise-progress-segment-fill"" style=""width: 100%""></div></div><div class=""pairwise-progress-segment""><div class=""pairwise-progress-segment-fill"" style=""width: 8%""></div></div><div class=""pairwise-progress-segment""><div class=""pairwise-progress-segment-fill"" style=""width: 0%""></div></div><div class=""pairwise-progress-segment""><div class=""pairwise-progress-segment-fill"" style=""width: 0%""></div></div></div>
      </div>
      <div class=""pairwise-progress-part-label"">Part 2 of 4</div>
    </div>","1","","pairwise","mouse","","","","","","","","","","","","","","","","","","","","","","","","","","","","","","","29","5a","Poor appetite","4","Feeling tired or having little energy","320523","1242","right","4","Feeling tired or having little energy","false","",""
"html-keyboard-response","87","2.1.0","321266","l1stv4eg","9a2xyneg","603e1fe6849f5c63a9997cf5","6abccec7e23d98550c18ccbb","session_2","1920","1080","2026-10-01T08:17:27.899Z","0","ok","null","<div class=""pairwise-prompt"">Which of these two problems has been bothering you more during the last two weeks?</div><div class=""pairwise-iti-fixation"">+</div>
    <div class=""pairwise-progress"">
      <div class=""pairwise-progress-bar"">
        <div class=""pairwise-progress-caption"">Your progress</div>
        <div class=""pairwise-progress-segments""><div class=""pairwise-progress-segment""><div class=""pairwise-progress-segment-fill"" style=""width: 100%""></div></div><div class=""pairwise-progress-segment""><div class=""pairwise-progress-segment-fill"" style=""width: 12%""></div></div><div class=""pairwise-progress-segment""><div class=""pairwise-progress-segment-fill"" style=""width: 0%""></div></div><div class=""pairwise-progress-segment""><div class=""pairwise-progress-segment-fill"" style=""width: 0%""></div></div></div>
      </div>
      <div class=""pairwise-progress-part-label"">Part 2 of 4</div>
    </div>","null","","iti","","","","","","","","","","","","","","","","","","","","","","","","","","","","","","","pairwise","30","","","","","","","","","","","",""
"html-button-response","88","2.1.0","322601","l1stv4eg","9a2xyneg","603e1fe6849f5c63a9997cf5","6abccec7e23d98550c18ccbb","session_2","1920","1080","2026-10-01T08:17:29.234Z","0","ok","1333","
      <div class=""pairwise-prompt"">Which of these two problems has been bothering you more during the last two weeks?</div>
    <div class=""pairwise-progress"">
      <div class=""pairwise-progress-bar"">
        <div class=""pairwise-progress-caption"">Your progress</div>
        <div class=""pairwise-progress-segments""><div class=""pairwise-progress-segment""><div class=""pairwise-progress-segment-fill"" style=""width: 100%""></div></div><div class=""pairwise-progress-segment""><div class=""pairwise-progress-segment-fill"" style=""width: 12%""></div></div><div class=""pairwise-progress-segment""><div class=""pairwise-progress-segment-fill"" style=""width: 0%""></div></div><div class=""pairwise-progress-segment""><div class=""pairwise-progress-segment-fill"" style=""width: 0%""></div></div></div>
      </div>
      <div class=""pairwise-progress-part-label"">Part 2 of 4</div>
    </div>","1","","pairwise","mouse","","","","","","","","","","","","","","","","","","","","","","","","","","","","","","","30","4","Feeling tired or having little energy","6b","Feeling that you have let yourself or your family down","323778","1333","right","6b","Feeling that you have let yourself or your family down","false","",""
"html-keyboard-response","89","2.1.0","324611","l1stv4eg","9a2xyneg","603e1fe6849f5c63a9997cf5","6abccec7e23d98550c18ccbb","session_2","1920","1080","2026-10-01T08:17:31.245Z","0","ok","null","<div class=""pairwise-prompt"">Which of these two problems has been bothering you more during the last two weeks?</div><div class=""pairwise-iti-fixation"">+</div>
    <div class=""pairwise-progress"">
      <div class=""pairwise-progress-bar"">
        <div class=""pairwise-progress-caption"">Your progress</div>
        <div class=""pairwise-progress-segments""><div class=""pairwise-progress-segment""><div class=""pairwise-progress-segment-fill"" style=""width: 100%""></div></div><div class=""pairwise-progress-segment""><div class=""pairwise-progress-segment-fill"" style=""width: 15%""></div></div><div class=""pairwise-progress-segment""><div class=""pairwise-progress-segment-fill"" style=""width: 0%""></div></div><div class=""pairwise-progress-segment""><div class=""pairwise-progress-segment-fill"" style=""width: 0%""></div></div></div>
      </div>
      <div class=""pairwise-progress-part-label"">Part 2 of 4</div>
    </div>","null","","iti","","","","","","","","","","","","","","","","","","","","","","","","","","","","","","","pairwise","31","","","","","","","","","","","",""
"html-button-response","90","2.1.0","328523","l1stv4eg","9a2xyneg","603e1fe6849f5c63a9997cf5","6abccec7e23d98550c18ccbb","session_2","1920","1080","2026-10-01T08:17:35.156Z","0","ok","3910","
      <div class=""pairwise-prompt"">Which of these two problems has been bothering you more during the last two weeks?</div>
    <div class=""pairwise-progress"">
      <div class=""pairwise-progress-bar"">
        <div class=""pairwise-progress-caption"">Your progress</div>
        <div class=""pairwise-progress-segments""><div class=""pairwise-progress-segment""><div class=""pairwise-progress-segment-fill"" style=""width: 100%""></div></div><div class=""pairwise-progress-segment""><div class=""pairwise-progress-segment-fill"" style=""width: 15%""></div></div><div class=""pairwise-progress-segment""><div class=""pairwise-progress-segment-fill"" style=""width: 0%""></div></div><div class=""pairwise-progress-segment""><div class=""pairwise-progress-segment-fill"" style=""width: 0%""></div></div></div>
      </div>
      <div class=""pairwise-progress-part-label"">Part 2 of 4</div>
    </div>","2","","pairwise","mouse","","","","","","","","","","","","","","","","","","","","","","","","","","","","","","","31","9a","Thoughts that you would be better off dead","5a","Poor appetite","327123","3910","skip","","","true","",""
"html-keyboard-response","91","2.1.0","330525","l1stv4eg","9a2xyneg","603e1fe6849f5c63a9997cf5","6abccec7e23d98550c18ccbb","session_2","1920","1080","2026-10-01T08:17:37.158Z","0","ok","null","<div class=""pairwise-prompt"">Which of these two problems has been bothering you more during the last two weeks?</div><div class=""pairwise-iti-fixation"">+</div>
    <div class=""pairwise-progress"">
      <div class=""pairwise-progress-bar"">
        <div class=""pairwise-progress-caption"">Your progress</div>
        <div class=""pairwise-progress-segments""><div class=""pairwise-progress-segment""><div class=""pairwise-progress-segment-fill"" style=""width: 100%""></div></div><div class=""pairwise-progress-segment""><div class=""pairwise-progress-segment-fill"" style=""width: 19%""></div></div><div class=""pairwise-progress-segment""><div class=""pairwise-progress-segment-fill"" style=""width: 0%""></div></div><div class=""pairwise-progress-segment""><div class=""pairwise-progress-segment-fill"" style=""width: 0%""></div></div></div>
      </div>
      <div class=""pairwise-progress-part-label"">Part 2 of 4</div>
    </div>","null","","iti","","","","","","","","","","","","","","","","","","","","","","","","","","","","","","","pairwise","32","","","","","","","","","","","",""
"html-button-response","92","2.1.0","332844","l1stv4eg","9a2xyneg","603e1fe6849f5c63a9997cf5","6abccec7e23d98550c18ccbb","session_2","1920","1080","2026-10-01T08:17:39.477Z","0","ok","2318","
      <div class=""pairwise-prompt"">Which of these two problems has been bothering you more during the last two weeks?</div>
    <div class=""pairwise-progress"">
      <div class=""pairwise-progress-bar"">
        <div class=""pairwise-progress-caption"">Your progress</div>
        <div class=""pairwise-progress-segments""><div class=""pairwise-progress-segment""><div class=""pairwise-progress-segment-fill"" style=""width: 100%""></div></div><div class=""pairwise-progress-segment""><div class=""pairwise-progress-segment-fill"" style=""width: 19%""></div></div><div class=""pairwise-progress-segment""><div class=""pairwise-progress-segment-fill"" style=""width: 0%""></div></div><div class=""pairwise-progress-segment""><div class=""pairwise-progress-segment-fill"" style=""width: 0%""></div></div></div>
      </div>
      <div class=""pairwise-progress-part-label"">Part 2 of 4</div>
    </div>","0","","pairwise","mouse","","","","","","","","","","","","","","","","","","","","","","","","","","","","","","","32","1","Little interest or pleasure in doing things","3a","Trouble falling or staying asleep","333036","2318","left","1","Little interest or pleasure in doing things","false","",""
"html-keyboard-response","93","2.1.0","334854","l1stv4eg","9a2xyneg","603e1fe6849f5c63a9997cf5","6abccec7e23d98550c18ccbb","session_2","1920","1080","2026-10-01T08:17:41.487Z","0","ok","null","<div class=""pairwise-prompt"">Which of these two problems has been bothering you more during the last two weeks?</div><div class=""pairwise-iti-fixation"">+</div>
    <div class=""pairwise-progress"">
      <div class=""pairwise-progress-bar"">
        <div class=""pairwise-progress-caption"">Your progress</div>
        <div class=""pairwise-progress-segments""><div class=""pairwise-progress-segment""><div class=""pairwise-progress-segment-fill"" style=""width: 100%""></div></div><div class=""pairwise-progress-segment""><div class=""pairwise-progress-segment-fill"" style=""width: 23%""></div></div><div class=""pairwise-progress-segment""><div class=""pairwise-progress-segment-fill"" style=""width: 0%""></div></div><div class=""pairwise-progress-segment""><div class=""pairwise-progress-segment-fill"" style=""width: 0%""></div></div></div>
      </div>
      <div class=""pairwise-progress-part-label"">Part 2 of 4</div>
    </div>","null","","iti","","","","","","","","","","","","","","","","","","","","","","","","","","","","","","","pairwise","33","","","","","","","","","","","",""
"html-button-response","94","2.1.0","338116","l1stv4eg","9a2xyneg","603e1fe6849f5c63a9997cf5","6abccec7e23d98550c18ccbb","session_2","1920","1080","2026-10-01T08:17:44.749Z","0","ok","3261","
      <div class=""pairwise-prompt"">Which of these two problems has been bothering you more during the last two weeks?</div>
    <div class=""pairwise-progress"">
      <div class=""pairwise-progress-bar"">
        <div class=""pairwise-progress-caption"">Your progress</div>
        <div class=""pairwise-progress-segments""><div class=""pairwise-progress-segment""><div class=""pairwise-progress-segment-fill"" style=""width: 100%""></div></div><div class=""pairwise-progress-segment""><div class=""pairwise-progress-segment-fill"" style=""width: 23%""></div></div><div class=""pairwise-progress-segment""><div class=""pairwise-progress-segment-fill"" style=""width: 0%""></div></div><div class=""pairwise-progress-segment""><div class=""pairwise-progress-segment-fill"" style=""width: 0%""></div></div></div>
      </div>
      <div class=""pairwise-progress-part-label"">Part 2 of 4</div>
    </div>","2","","pairwise","mouse","","","","","","","","","","","","","","","","","","","","","","","","","","","","","","","33","5b","Overeating","3a","Trouble falling or staying asleep","337366","3261","skip","","","true","",""
"html-keyboard-response","95","2.1.0","340128","l1stv4eg","9a2xyneg","603e1fe6849f5c63a9997cf5","6abccec7e23d98550c18ccbb","session_2","1920","1080","2026-10-01T08:17:46.761Z","0","ok","null","<div class=""pairwise-prompt"">Which of these two problems has been bothering you more during the last two weeks?</div><div class=""pairwise-iti-fixation"">+</div>
    <div class=""pairwise-progress"">
      <div class=""pairwise-progress-bar"">
        <div class=""pairwise-progress-caption"">Your progress</div>
        <div class=""pairwise-progress-segments""><div class=""pairwise-progress-segment""><div class=""pairwise-progress-segment-fill"" style=""width: 100%""></div></div><div class=""pairwise-progress-segment""><div class=""pairwise-progress-segment-fill"" style=""width: 27%""></div></div><div class=""pairwise-progress-segment""><div class=""pairwise-progress-segment-fill"" style=""width: 0%""></div></div><div class=""pairwise-progress-segment""><div class=""pairwise-progress-segment-fill"" style=""width: 0%""></div></div></div>
      </div>
      <div class=""pairwise-progress-part-label"">Part 2 of 4</div>
    </div>","null","","iti","","","","","","","","","","","","","","","","","","","","","","","","","","","","","","","pairwise","34","","","","","","","","","","","",""
"html-button-response","96","2.1.0","342401","l1stv4eg","9a2xyneg","603e1fe6849f5c63a9997cf5","6abccec7e23d98550c18ccbb","session_2","1920","1080","2026-10-01T08:17:49.034Z","0","ok","2274","
      <div class=""pairwise-prompt"">Which of these two problems has been bothering you more during the last two weeks?</div>
    <div class=""pairwise-progress"">
      <div class=""pairwise-progress-bar"">
        <div class=""pairwise-progress-caption"">Your progress</div>
        <div class=""pairwise-progress-segments""><div class=""pairwise-progress-segment""><div class=""pairwise-progress-segment-fill"" style=""width: 100%""></div></div><div class=""pairwise-progress-segment""><div class=""pairwise-progress-segment-fill"" style=""width: 27%""></div></div><div class=""pairwise-progress-segment""><div class=""pairwise-progress-segment-fill"" style=""width: 0%""></div></div><div class=""pairwise-progress-segment""><div class=""pairwise-progress-segment-fill"" style=""width: 0%""></div></div></div>
      </div>
      <div class=""pairwise-progress-part-label"">Part 2 of 4</div>
    </div>","2","","pairwise","mouse","","","","","","","","","","","","","","","","","","","","","","","","","","","","","","","34","9a","Thoughts that you would be better off dead","5b","Overeating","342640","2274","skip","","","true","",""
"html-keyboard-response","97","2.1.0","344403","l1stv4eg","9a2xyneg","603e1fe6849f5c63a9997cf5","6abccec7e23d98550c18ccbb","session_2","1920","1080","2026-10-01T08:17:51.036Z","0","ok","null","<div class=""pairwise-prompt"">Which of these two problems has been bothering you more during the last two weeks?</div><div class=""pairwise-iti-fixation"">+</div>
    <div class=""pairwise-progress"">
      <div class=""pairwise-progress-bar"">
        <div class=""pairwise-progress-caption"">Your progress</div>
        <div class=""pairwise-progress-segments""><div class=""pairwise-progress-segment""><div class=""pairwise-progress-segment-fill"" style=""width: 100%""></div></div><div class=""pairwise-progress-segment""><div class=""pairwise-progress-segment-fill"" style=""width: 31%""></div></div><div class=""pairwise-progress-segment""><div class=""pairwise-progress-segment-fill"" style=""width: 0%""></div></div><div class=""pairwise-progress-segment""><div class=""pairwise-progress-segment-fill"" style=""width: 0%""></div></div></div>
      </div>
      <div class=""pairwise-progress-part-label"">Part 2 of 4</div>
    </div>","null","","iti","","","","","","","","","","","","","","","","","","","","","","","","","","","","","","","pairwise","35","","","","","","","","","","","",""
"html-button-response","98","2.1.0","346475","l1stv4eg","9a2xyneg","603e1fe6849f5c63a9997cf5","6abccec7e23d98550c18ccbb","session_2","1920","1080","2026-10-01T08:17:53.108Z","0","ok","2070","
      <div class=""pairwise-prompt"">Which of these two problems has been bothering you more during the last two weeks?</div>
    <div class=""pairwise-progress"">
      <div class=""pairwise-progress-bar"">
        <div class=""pairwise-progress-caption"">Your progress</div>
        <div class=""pairwise-progress-segments""><div class=""pairwise-progress-segment""><div class=""pairwise-progress-segment-fill"" style=""width: 100%""></div></div><div class=""pairwise-progress-segment""><div class=""pairwise-progress-segment-fill"" style=""width: 31%""></div></div><div class=""pairwise-progress-segment""><div class=""pairwise-progress-segment-fill"" style=""width: 0%""></div></div><div class=""pairwise-progress-segment""><div class=""pairwise-progress-segment-fill"" style=""width: 0%""></div></div></div>
      </div>
      <div class=""pairwise-progress-part-label"">Part 2 of 4</div>
    </div>","1","","pairwise","mouse","","","","","","","","","","","","","","","","","","","","","","","","","","","","","","","35","8b","Being so fidgety or restless that you have been moving around a lot more than usual","1","Little interest or pleasure in doing things","346917","2070","right","1","Little interest or pleasure in doing things","false","",""
"html-keyboard-response","99","2.1.0","348480","l1stv4eg","9a2xyneg","603e1fe6849f5c63a9997cf5","6abccec7e23d98550c18ccbb","session_2","1920","1080","2026-10-01T08:17:55.113Z","0","ok","null","<div class=""pairwise-prompt"">Which of these two problems has been bothering you more during the last two weeks?</div><div class=""pairwise-iti-fixation"">+</div>
    <div class=""pairwise-progress"">
      <div class=""pairwise-progress-bar"">
        <div class=""pairwise-progress-caption"">Your progress</div>
        <div class=""pairwise-progress-segments""><div class=""pairwise-progress-segment""><div class=""pairwise-progress-segment-fill"" style=""width: 100%""></div></div><div class=""pairwise-progress-segment""><div class=""pairwise-progress-segment-fill"" style=""width: 35%""></div></div><div class=""pairwise-progress-segment""><div class=""pairwise-progress-segment-fill"" style=""width: 0%""></div></div><div class=""pairwise-progress-segment""><div class=""pairwise-progress-segment-fill"" style=""width: 0%""></div></div></div>
      </div>
      <div class=""pairwise-progress-part-label"">Part 2 of 4</div>
    </div>","null","","iti","","","","","","","","","","","","","","","","","","","","","","","","","","","","","","","pairwise","36","","","","","","","","","","","",""
"html-button-response","100","2.1.0","350065","l1stv4eg","9a2xyneg","603e1fe6849f5c63a9997cf5","6abccec7e23d98550c18ccbb","session_2","1920","1080","2026-10-01T08:17:56.698Z","0","ok","1584","
      <div class=""pairwise-prompt"">Which of these two problems has been bothering you more during the last two weeks?</div>
    <div class=""pairwise-progress"">
      <div class=""pairwise-progress-bar"">
        <div class=""pairwise-progress-caption"">Your progress</div>
        <div class=""pairwise-progress-segments""><div class=""pairwise-progress-segment""><div class=""pairwise-progress-segment-fill"" style=""width: 100%""></div></div><div class=""pairwise-progress-segment""><div class=""pairwise-progress-segment-fill"" style=""width: 35%""></div></div><div class=""pairwise-progress-segment""><div class=""pairwise-progress-segment-fill"" style=""width: 0%""></div></div><div class=""pairwise-progress-segment""><div class=""pairwise-progress-segment-fill"" style=""width: 0%""></div></div></div>
      </div>
      <div class=""pairwise-progress-part-label"">Part 2 of 4</div>
    </div>","0","","pairwise","mouse","","","","","","","","","","","","","","","","","","","","","","","","","","","","","","","36","4","Feeling tired or having little energy","8b","Being so fidgety or restless that you have been moving around a lot more than usual","350994","1584","left","4","Feeling tired or having little energy","false","",""
"html-keyboard-response","101","2.1.0","352072","l1stv4eg","9a2xyneg","603e1fe6849f5c63a9997cf5","6abccec7e23d98550c18ccbb","session_2","1920","1080","2026-10-01T08:17:58.705Z","0","ok","null","<div class=""pairwise-prompt"">Which of these two problems has been bothering you more during the last two weeks?</div><div class=""pairwise-iti-fixation"">+</div>
    <div class=""pairwise-progress"">
      <div class=""pairwise-progress-bar"">
        <div class=""pairwise-progress-caption"">Your progress</div>
        <div class=""pairwise-progress-segments""><div class=""pairwise-progress-segment""><div class=""pairwise-progress-segment-fill"" style=""width: 100%""></div></div><div class=""pairwise-progress-segment""><div class=""pairwise-progress-segment-fill"" style=""width: 38%""></div></div><div class=""pairwise-progress-segment""><div class=""pairwise-progress-segment-fill"" style=""width: 0%""></div></div><div class=""pairwise-progress-segment""><div class=""pairwise-progress-segment-fill"" style=""width: 0%""></div></div></div>
      </div>
      <div class=""pairwise-progress-part-label"">Part 2 of 4</div>
    </div>","null","","iti","","","","","","","","","","","","","","","","","","","","","","","","","","","","","","","pairwise","37","","","","","","","","","","","",""
"html-button-response","102","2.1.0","355200","l1stv4eg","9a2xyneg","603e1fe6849f5c63a9997cf5","6abccec7e23d98550c18ccbb","session_2","1920","1080","2026-10-01T08:18:01.833Z","0","ok","3126","
      <div class=""pairwise-prompt"">Which of these two problems has been bothering you more during the last two weeks?</div>
    <div class=""pairwise-progress"">
      <div class=""pairwise-progress-bar"">
        <div class=""pairwise-progress-caption"">Your progress</div>
        <div class=""pairwise-progress-segments""><div class=""pairwise-progress-segment""><div class=""pairwise-progress-segment-fill"" style=""width: 100%""></div></div><div class=""pairwise-progress-segment""><div class=""pairwise-progress-segment-fill"" style=""width: 38%""></div></div><div class=""pairwise-progress-segment""><div class=""pairwise-progress-segment-fill"" style=""width: 0%""></div></div><div class=""pairwise-progress-segment""><div class=""pairwise-progress-segment-fill"" style=""width: 0%""></div></div></div>
      </div>
      <div class=""pairwise-progress-part-label"">Part 2 of 4</div>
    </div>","0","","pairwise","mouse","","","","","","","","","","","","","","","","","","","","","","","","","","","","","","","37","2b","Feeling hopeless","8a","Moving or speaking slowly that other people could have noticed","354587","3126","left","2b","Feeling hopeless","false","",""
"html-keyboard-response","103","2.1.0","357217","l1stv4eg","9a2xyneg","603e1fe6849f5c63a9997cf5","6abccec7e23d98550c18ccbb","session_2","1920","1080","2026-10-01T08:18:03.850Z","0","ok","null","<div class=""pairwise-prompt"">Which of these two problems has been bothering you more during the last two weeks?</div><div class=""pairwise-iti-fixation"">+</div>
    <div class=""pairwise-progress"">
      <div class=""pairwise-progress-bar"">
        <div class=""pairwise-progress-caption"">Your progress</div>
        <div class=""pairwise-progress-segments""><div class=""pairwise-progress-segment""><div class=""pairwise-progress-segment-fill"" style=""width: 100%""></div></div><div class=""pairwise-progress-segment""><div class=""pairwise-progress-segment-fill"" style=""width: 42%""></div></div><div class=""pairwise-progress-segment""><div class=""pairwise-progress-segment-fill"" style=""width: 0%""></div></div><div class=""pairwise-progress-segment""><div class=""pairwise-progress-segment-fill"" style=""width: 0%""></div></div></div>
      </div>
      <div class=""pairwise-progress-part-label"">Part 2 of 4</div>
    </div>","null","","iti","","","","","","","","","","","","","","","","","","","","","","","","","","","","","","","pairwise","38","","","","","","","","","","","",""
"html-button-response","104","2.1.0","359648","l1stv4eg","9a2xyneg","603e1fe6849f5c63a9997cf5","6abccec7e23d98550c18ccbb","session_2","1920","1080","2026-10-01T08:18:06.281Z","0","ok","2430","
      <div class=""pairwise-prompt"">Which of these two problems has been bothering you more during the last two weeks?</div>
    <div class=""pairwise-progress"">
      <div class=""pairwise-progress-bar"">
        <div class=""pairwise-progress-caption"">Your progress</div>
        <div class=""pairwise-progress-segments""><div class=""pairwise-progress-segment""><div class=""pairwise-progress-segment-fill"" style=""width: 100%""></div></div><div class=""pairwise-progress-segment""><div class=""pairwise-progress-segment-fill"" style=""width: 42%""></div></div><div class=""pairwise-progress-segment""><div class=""pairwise-progress-segment-fill"" style=""width: 0%""></div></div><div class=""pairwise-progress-segment""><div class=""pairwise-progress-segment-fill"" style=""width: 0%""></div></div></div>
      </div>
      <div class=""pairwise-progress-part-label"">Part 2 of 4</div>
    </div>","2","","pairwise","mouse","","","","","","","","","","","","","","","","","","","","","","","","","","","","","","","38","9a","Thoughts that you would be better off dead","9b","Thoughts of hurting yourself in some way","359731","2430","skip","","","true","",""
"html-keyboard-response","105","2.1.0","361658","l1stv4eg","9a2xyneg","603e1fe6849f5c63a9997cf5","6abccec7e23d98550c18ccbb","session_2","1920","1080","2026-10-01T08:18:08.291Z","0","ok","null","<div class=""pairwise-prompt"">Which of these two problems has been bothering you more during the last two weeks?</div><div class=""pairwise-iti-fixation"">+</div>
    <div class=""pairwise-progress"">
      <div class=""pairwise-progress-bar"">
        <div class=""pairwise-progress-caption"">Your progress</div>
        <div class=""pairwise-progress-segments""><div class=""pairwise-progress-segment""><div class=""pairwise-progress-segment-fill"" style=""width: 100%""></div></div><div class=""pairwise-progress-segment""><div class=""pairwise-progress-segment-fill"" style=""width: 46%""></div></div><div class=""pairwise-progress-segment""><div class=""pairwise-progress-segment-fill"" style=""width: 0%""></div></div><div class=""pairwise-progress-segment""><div class=""pairwise-progress-segment-fill"" style=""width: 0%""></div></div></div>
      </div>
      <div class=""pairwise-progress-part-label"">Part 2 of 4</div>
    </div>","null","","iti","","","","","","","","","","","","","","","","","","","","","","","","","","","","","","","pairwise","39","","","","","","","","","","","",""
"html-button-response","106","2.1.0","367873","l1stv4eg","9a2xyneg","603e1fe6849f5c63a9997cf5","6abccec7e23d98550c18ccbb","session_2","1920","1080","2026-10-01T08:18:14.506Z","0","ok","6214","
      <div class=""pairwise-prompt"">Which of these two problems has been bothering you more during the last two weeks?</div>
    <div class=""pairwise-progress"">
      <div class=""pairwise-progress-bar"">
        <div class=""pairwise-progress-caption"">Your progress</div>
        <div class=""pairwise-progress-segments""><div class=""pairwise-progress-segment""><div class=""pairwise-progress-segment-fill"" style=""width: 100%""></div></div><div class=""pairwise-progress-segment""><div class=""pairwise-progress-segment-fill"" style=""width: 46%""></div></div><div class=""pairwise-progress-segment""><div class=""pairwise-progress-segment-fill"" style=""width: 0%""></div></div><div class=""pairwise-progress-segment""><div class=""pairwise-progress-segment-fill"" style=""width: 0%""></div></div></div>
      </div>
      <div class=""pairwise-progress-part-label"">Part 2 of 4</div>
    </div>","0","","pairwise","mouse","","","","","","","","","","","","","","","","","","","","","","","","","","","","","","","39","6b","Feeling that you have let yourself or your family down","7","Trouble concentrating","364172","6214","left","6b","Feeling that you have let yourself or your family down","false","",""
"html-keyboard-response","107","2.1.0","369882","l1stv4eg","9a2xyneg","603e1fe6849f5c63a9997cf5","6abccec7e23d98550c18ccbb","session_2","1920","1080","2026-10-01T08:18:16.515Z","0","ok","null","<div class=""pairwise-prompt"">Which of these two problems has been bothering you more during the last two weeks?</div><div class=""pairwise-iti-fixation"">+</div>
    <div class=""pairwise-progress"">
      <div class=""pairwise-progress-bar"">
        <div class=""pairwise-progress-caption"">Your progress</div>
        <div class=""pairwise-progress-segments""><div class=""pairwise-progress-segment""><div class=""pairwise-progress-segment-fill"" style=""width: 100%""></div></div><div class=""pairwise-progress-segment""><div class=""pairwise-progress-segment-fill"" style=""width: 50%""></div></div><div class=""pairwise-progress-segment""><div class=""pairwise-progress-segment-fill"" style=""width: 0%""></div></div><div class=""pairwise-progress-segment""><div class=""pairwise-progress-segment-fill"" style=""width: 0%""></div></div></div>
      </div>
      <div class=""pairwise-progress-part-label"">Part 2 of 4</div>
    </div>","null","","iti","","","","","","","","","","","","","","","","","","","","","","","","","","","","","","","pairwise","40","","","","","","","","","","","",""
"html-button-response","108","2.1.0","372766","l1stv4eg","9a2xyneg","603e1fe6849f5c63a9997cf5","6abccec7e23d98550c18ccbb","session_2","1920","1080","2026-10-01T08:18:19.399Z","0","ok","2883","
      <div class=""pairwise-prompt"">Which of these two problems has been bothering you more during the last two weeks?</div>
    <div class=""pairwise-progress"">
      <div class=""pairwise-progress-bar"">
        <div class=""pairwise-progress-caption"">Your progress</div>
        <div class=""pairwise-progress-segments""><div class=""pairwise-progress-segment""><div class=""pairwise-progress-segment-fill"" style=""width: 100%""></div></div><div class=""pairwise-progress-segment""><div class=""pairwise-progress-segment-fill"" style=""width: 50%""></div></div><div class=""pairwise-progress-segment""><div class=""pairwise-progress-segment-fill"" style=""width: 0%""></div></div><div class=""pairwise-progress-segment""><div class=""pairwise-progress-segment-fill"" style=""width: 0%""></div></div></div>
      </div>
      <div class=""pairwise-progress-part-label"">Part 2 of 4</div>
    </div>","1","","pairwise","mouse","","","","","","","","","","","","","","","","","","","","","","","","","","","","","","","40","3a","Trouble falling or staying asleep","2a","Feeling down or depressed","372396","2883","right","2a","Feeling down or depressed","false","",""
"html-keyboard-response","109","2.1.0","374779","l1stv4eg","9a2xyneg","603e1fe6849f5c63a9997cf5","6abccec7e23d98550c18ccbb","session_2","1920","1080","2026-10-01T08:18:21.412Z","0","ok","null","<div class=""pairwise-prompt"">Which of these two problems has been bothering you more during the last two weeks?</div><div class=""pairwise-iti-fixation"">+</div>
    <div class=""pairwise-progress"">
      <div class=""pairwise-progress-bar"">
        <div class=""pairwise-progress-caption"">Your progress</div>
        <div class=""pairwise-progress-segments""><div class=""pairwise-progress-segment""><div class=""pairwise-progress-segment-fill"" style=""width: 100%""></div></div><div class=""pairwise-progress-segment""><div class=""pairwise-progress-segment-fill"" style=""width: 54%""></div></div><div class=""pairwise-progress-segment""><div class=""pairwise-progress-segment-fill"" style=""width: 0%""></div></div><div class=""pairwise-progress-segment""><div class=""pairwise-progress-segment-fill"" style=""width: 0%""></div></div></div>
      </div>
      <div class=""pairwise-progress-part-label"">Part 2 of 4</div>
    </div>","null","","iti","","","","","","","","","","","","","","","","","","","","","","","","","","","","","","","pairwise","41","","","","","","","","","","","",""
"html-button-response","110","2.1.0","378119","l1stv4eg","9a2xyneg","603e1fe6849f5c63a9997cf5","6abccec7e23d98550c18ccbb","session_2","1920","1080","2026-10-01T08:18:24.752Z","0","ok","3338","
      <div class=""pairwise-prompt"">Which of these two problems has been bothering you more during the last two weeks?</div>
    <div class=""pairwise-progress"">
      <div class=""pairwise-progress-bar"">
        <div class=""pairwise-progress-caption"">Your progress</div>
        <div class=""pairwise-progress-segments""><div class=""pairwise-progress-segment""><div class=""pairwise-progress-segment-fill"" style=""width: 100%""></div></div><div class=""pairwise-progress-segment""><div class=""pairwise-progress-segment-fill"" style=""width: 54%""></div></div><div class=""pairwise-progress-segment""><div class=""pairwise-progress-segment-fill"" style=""width: 0%""></div></div><div class=""pairwise-progress-segment""><div class=""pairwise-progress-segment-fill"" style=""width: 0%""></div></div></div>
      </div>
      <div class=""pairwise-progress-part-label"">Part 2 of 4</div>
    </div>","1","","pairwise","mouse","","","","","","","","","","","","","","","","","","","","","","","","","","","","","","","41","7","Trouble concentrating","2a","Feeling down or depressed","377294","3338","right","2a","Feeling down or depressed","false","",""
"html-keyboard-response","111","2.1.0","380125","l1stv4eg","9a2xyneg","603e1fe6849f5c63a9997cf5","6abccec7e23d98550c18ccbb","session_2","1920","1080","2026-10-01T08:18:26.758Z","0","ok","null","<div class=""pairwise-prompt"">Which of these two problems has been bothering you more during the last two weeks?</div><div class=""pairwise-iti-fixation"">+</div>
    <div class=""pairwise-progress"">
      <div class=""pairwise-progress-bar"">
        <div class=""pairwise-progress-caption"">Your progress</div>
        <div class=""pairwise-progress-segments""><div class=""pairwise-progress-segment""><div class=""pairwise-progress-segment-fill"" style=""width: 100%""></div></div><div class=""pairwise-progress-segment""><div class=""pairwise-progress-segment-fill"" style=""width: 58%""></div></div><div class=""pairwise-progress-segment""><div class=""pairwise-progress-segment-fill"" style=""width: 0%""></div></div><div class=""pairwise-progress-segment""><div class=""pairwise-progress-segment-fill"" style=""width: 0%""></div></div></div>
      </div>
      <div class=""pairwise-progress-part-label"">Part 2 of 4</div>
    </div>","null","","iti","","","","","","","","","","","","","","","","","","","","","","","","","","","","","","","pairwise","42","","","","","","","","","","","",""
"html-button-response","112","2.1.0","381501","l1stv4eg","9a2xyneg","603e1fe6849f5c63a9997cf5","6abccec7e23d98550c18ccbb","session_2","1920","1080","2026-10-01T08:18:28.134Z","0","ok","1376","
      <div class=""pairwise-prompt"">Which of these two problems has been bothering you more during the last two weeks?</div>
    <div class=""pairwise-progress"">
      <div class=""pairwise-progress-bar"">
        <div class=""pairwise-progress-caption"">Your progress</div>
        <div class=""pairwise-progress-segments""><div class=""pairwise-progress-segment""><div class=""pairwise-progress-segment-fill"" style=""width: 100%""></div></div><div class=""pairwise-progress-segment""><div class=""pairwise-progress-segment-fill"" style=""width: 58%""></div></div><div class=""pairwise-progress-segment""><div class=""pairwise-progress-segment-fill"" style=""width: 0%""></div></div><div class=""pairwise-progress-segment""><div class=""pairwise-progress-segment-fill"" style=""width: 0%""></div></div></div>
      </div>
      <div class=""pairwise-progress-part-label"">Part 2 of 4</div>
    </div>","1","","pairwise","mouse","","","","","","","","","","","","","","","","","","","","","","","","","","","","","","","42","9a","Thoughts that you would be better off dead","2a","Feeling down or depressed","382639","1376","right","2a","Feeling down or depressed","false","",""
"html-keyboard-response","113","2.1.0","383504","l1stv4eg","9a2xyneg","603e1fe6849f5c63a9997cf5","6abccec7e23d98550c18ccbb","session_2","1920","1080","2026-10-01T08:18:30.137Z","0","ok","null","<div class=""pairwise-prompt"">Which of these two problems has been bothering you more during the last two weeks?</div><div class=""pairwise-iti-fixation"">+</div>
    <div class=""pairwise-progress"">
      <div class=""pairwise-progress-bar"">
        <div class=""pairwise-progress-caption"">Your progress</div>
        <div class=""pairwise-progress-segments""><div class=""pairwise-progress-segment""><div class=""pairwise-progress-segment-fill"" style=""width: 100%""></div></div><div class=""pairwise-progress-segment""><div class=""pairwise-progress-segment-fill"" style=""width: 62%""></div></div><div class=""pairwise-progress-segment""><div class=""pairwise-progress-segment-fill"" style=""width: 0%""></div></div><div class=""pairwise-progress-segment""><div class=""pairwise-progress-segment-fill"" style=""width: 0%""></div></div></div>
      </div>
      <div class=""pairwise-progress-part-label"">Part 2 of 4</div>
    </div>","null","","iti","","","","","","","","","","","","","","","","","","","","","","","","","","","","","","","pairwise","43","","","","","","","","","","","",""
"html-button-response","114","2.1.0","385373","l1stv4eg","9a2xyneg","603e1fe6849f5c63a9997cf5","6abccec7e23d98550c18ccbb","session_2","1920","1080","2026-10-01T08:18:32.006Z","0","ok","1867","
      <div class=""pairwise-prompt"">Which of these two problems has been bothering you more during the last two weeks?</div>
    <div class=""pairwise-progress"">
      <div class=""pairwise-progress-bar"">
        <div class=""pairwise-progress-caption"">Your progress</div>
        <div class=""pairwise-progress-segments""><div class=""pairwise-progress-segment""><div class=""pairwise-progress-segment-fill"" style=""width: 100%""></div></div><div class=""pairwise-progress-segment""><div class=""pairwise-progress-segment-fill"" style=""width: 62%""></div></div><div class=""pairwise-progress-segment""><div class=""pairwise-progress-segment-fill"" style=""width: 0%""></div></div><div class=""pairwise-progress-segment""><div class=""pairwise-progress-segment-fill"" style=""width: 0%""></div></div></div>
      </div>
      <div class=""pairwise-progress-part-label"">Part 2 of 4</div>
    </div>","0","","pairwise","mouse","","","","","","","","","","","","","","","","","","","","","","","","","","","","","","","43","1","Little interest or pleasure in doing things","9b","Thoughts of hurting yourself in some way","386018","1867","left","1","Little interest or pleasure in doing things","false","",""
"html-keyboard-response","115","2.1.0","387380","l1stv4eg","9a2xyneg","603e1fe6849f5c63a9997cf5","6abccec7e23d98550c18ccbb","session_2","1920","1080","2026-10-01T08:18:34.013Z","0","ok","null","<div class=""pairwise-prompt"">Which of these two problems has been bothering you more during the last two weeks?</div><div class=""pairwise-iti-fixation"">+</div>
    <div class=""pairwise-progress"">
      <div class=""pairwise-progress-bar"">
        <div class=""pairwise-progress-caption"">Your progress</div>
        <div class=""pairwise-progress-segments""><div class=""pairwise-progress-segment""><div class=""pairwise-progress-segment-fill"" style=""width: 100%""></div></div><div class=""pairwise-progress-segment""><div class=""pairwise-progress-segment-fill"" style=""width: 65%""></div></div><div class=""pairwise-progress-segment""><div class=""pairwise-progress-segment-fill"" style=""width: 0%""></div></div><div class=""pairwise-progress-segment""><div class=""pairwise-progress-segment-fill"" style=""width: 0%""></div></div></div>
      </div>
      <div class=""pairwise-progress-part-label"">Part 2 of 4</div>
    </div>","null","","iti","","","","","","","","","","","","","","","","","","","","","","","","","","","","","","","pairwise","44","","","","","","","","","","","",""
"html-button-response","116","2.1.0","392227","l1stv4eg","9a2xyneg","603e1fe6849f5c63a9997cf5","6abccec7e23d98550c18ccbb","session_2","1920","1080","2026-10-01T08:18:38.860Z","0","ok","4845","
      <div class=""pairwise-prompt"">Which of these two problems has been bothering you more during the last two weeks?</div>
    <div class=""pairwise-progress"">
      <div class=""pairwise-progress-bar"">
        <div class=""pairwise-progress-caption"">Your progress</div>
        <div class=""pairwise-progress-segments""><div class=""pairwise-progress-segment""><div class=""pairwise-progress-segment-fill"" style=""width: 100%""></div></div><div class=""pairwise-progress-segment""><div class=""pairwise-progress-segment-fill"" style=""width: 65%""></div></div><div class=""pairwise-progress-segment""><div class=""pairwise-progress-segment-fill"" style=""width: 0%""></div></div><div class=""pairwise-progress-segment""><div class=""pairwise-progress-segment-fill"" style=""width: 0%""></div></div></div>
      </div>
      <div class=""pairwise-progress-part-label"">Part 2 of 4</div>
    </div>","0","","pairwise","mouse","","","","","","","","","","","","","","","","","","","","","","","","","","","","","","","44","2b","Feeling hopeless","9b","Thoughts of hurting yourself in some way","389894","4845","left","2b","Feeling hopeless","false","",""
"html-keyboard-response","117","2.1.0","394232","l1stv4eg","9a2xyneg","603e1fe6849f5c63a9997cf5","6abccec7e23d98550c18ccbb","session_2","1920","1080","2026-10-01T08:18:40.865Z","0","ok","null","<div class=""pairwise-prompt"">Which of these two problems has been bothering you more during the last two weeks?</div><div class=""pairwise-iti-fixation"">+</div>
    <div class=""pairwise-progress"">
      <div class=""pairwise-progress-bar"">
        <div class=""pairwise-progress-caption"">Your progress</div>
        <div class=""pairwise-progress-segments""><div class=""pairwise-progress-segment""><div class=""pairwise-progress-segment-fill"" style=""width: 100%""></div></div><div class=""pairwise-progress-segment""><div class=""pairwise-progress-segment-fill"" style=""width: 69%""></div></div><div class=""pairwise-progress-segment""><div class=""pairwise-progress-segment-fill"" style=""width: 0%""></div></div><div class=""pairwise-progress-segment""><div class=""pairwise-progress-segment-fill"" style=""width: 0%""></div></div></div>
      </div>
      <div class=""pairwise-progress-part-label"">Part 2 of 4</div>
    </div>","null","","iti","","","","","","","","","","","","","","","","","","","","","","","","","","","","","","","pairwise","45","","","","","","","","","","","",""
"html-button-response","118","2.1.0","397526","l1stv4eg","9a2xyneg","603e1fe6849f5c63a9997cf5","6abccec7e23d98550c18ccbb","session_2","1920","1080","2026-10-01T08:18:44.159Z","0","ok","3293","
      <div class=""pairwise-prompt"">Which of these two problems has been bothering you more during the last two weeks?</div>
    <div class=""pairwise-progress"">
      <div class=""pairwise-progress-bar"">
        <div class=""pairwise-progress-caption"">Your progress</div>
        <div class=""pairwise-progress-segments""><div class=""pairwise-progress-segment""><div class=""pairwise-progress-segment-fill"" style=""width: 100%""></div></div><div class=""pairwise-progress-segment""><div class=""pairwise-progress-segment-fill"" style=""width: 69%""></div></div><div class=""pairwise-progress-segment""><div class=""pairwise-progress-segment-fill"" style=""width: 0%""></div></div><div class=""pairwise-progress-segment""><div class=""pairwise-progress-segment-fill"" style=""width: 0%""></div></div></div>
      </div>
      <div class=""pairwise-progress-part-label"">Part 2 of 4</div>
    </div>","1","","pairwise","mouse","","","","","","","","","","","","","","","","","","","","","","","","","","","","","","","45","2a","Feeling down or depressed","6b","Feeling that you have let yourself or your family down","396746","3293","right","6b","Feeling that you have let yourself or your family down","false","",""
"html-keyboard-response","119","2.1.0","399535","l1stv4eg","9a2xyneg","603e1fe6849f5c63a9997cf5","6abccec7e23d98550c18ccbb","session_2","1920","1080","2026-10-01T08:18:46.168Z","0","ok","null","<div class=""pairwise-prompt"">Which of these two problems has been bothering you more during the last two weeks?</div><div class=""pairwise-iti-fixation"">+</div>
    <div class=""pairwise-progress"">
      <div class=""pairwise-progress-bar"">
        <div class=""pairwise-progress-caption"">Your progress</div>
        <div class=""pairwise-progress-segments""><div class=""pairwise-progress-segment""><div class=""pairwise-progress-segment-fill"" style=""width: 100%""></div></div><div class=""pairwise-progress-segment""><div class=""pairwise-progress-segment-fill"" style=""width: 73%""></div></div><div class=""pairwise-progress-segment""><div class=""pairwise-progress-segment-fill"" style=""width: 0%""></div></div><div class=""pairwise-progress-segment""><div class=""pairwise-progress-segment-fill"" style=""width: 0%""></div></div></div>
      </div>
      <div class=""pairwise-progress-part-label"">Part 2 of 4</div>
    </div>","null","","iti","","","","","","","","","","","","","","","","","","","","","","","","","","","","","","","pairwise","46","","","","","","","","","","","",""
"html-button-response","120","2.1.0","435875","l1stv4eg","9a2xyneg","603e1fe6849f5c63a9997cf5","6abccec7e23d98550c18ccbb","session_2","1920","1080","2026-10-01T08:19:22.508Z","0","ok","36343","
      <div class=""pairwise-prompt"">Which of these two problems has been bothering you more during the last two weeks?</div>
    <div class=""pairwise-progress"">
      <div class=""pairwise-progress-bar"">
        <div class=""pairwise-progress-caption"">Your progress</div>
        <div class=""pairwise-progress-segments""><div class=""pairwise-progress-segment""><div class=""pairwise-progress-segment-fill"" style=""width: 100%""></div></div><div class=""pairwise-progress-segment""><div class=""pairwise-progress-segment-fill"" style=""width: 73%""></div></div><div class=""pairwise-progress-segment""><div class=""pairwise-progress-segment-fill"" style=""width: 0%""></div></div><div class=""pairwise-progress-segment""><div class=""pairwise-progress-segment-fill"" style=""width: 0%""></div></div></div>
      </div>
      <div class=""pairwise-progress-part-label"">Part 2 of 4</div>
    </div>","2","","pairwise","mouse","","","","","","","","","","","","","","","","","","","","","","","","","","","","","","","46","5a","Poor appetite","3a","Trouble falling or staying asleep","402049","36343","skip","","","true","",""
"html-keyboard-response","121","2.1.0","437892","l1stv4eg","9a2xyneg","603e1fe6849f5c63a9997cf5","6abccec7e23d98550c18ccbb","session_2","1920","1080","2026-10-01T08:19:24.525Z","0","ok","null","<div class=""pairwise-prompt"">Which of these two problems has been bothering you more during the last two weeks?</div><div class=""pairwise-iti-fixation"">+</div>
    <div class=""pairwise-progress"">
      <div class=""pairwise-progress-bar"">
        <div class=""pairwise-progress-caption"">Your progress</div>
        <div class=""pairwise-progress-segments""><div class=""pairwise-progress-segment""><div class=""pairwise-progress-segment-fill"" style=""width: 100%""></div></div><div class=""pairwise-progress-segment""><div class=""pairwise-progress-segment-fill"" style=""width: 77%""></div></div><div class=""pairwise-progress-segment""><div class=""pairwise-progress-segment-fill"" style=""width: 0%""></div></div><div class=""pairwise-progress-segment""><div class=""pairwise-progress-segment-fill"" style=""width: 0%""></div></div></div>
      </div>
      <div class=""pairwise-progress-part-label"">Part 2 of 4</div>
    </div>","null","","iti","","","","","","","","","","","","","","","","","","","","","","","","","","","","","","","pairwise","47","","","","","","","","","","","",""
"html-button-response","122","2.1.0","439590","l1stv4eg","9a2xyneg","603e1fe6849f5c63a9997cf5","6abccec7e23d98550c18ccbb","session_2","1920","1080","2026-10-01T08:19:26.223Z","0","ok","1697","
      <div class=""pairwise-prompt"">Which of these two problems has been bothering you more during the last two weeks?</div>
    <div class=""pairwise-progress"">
      <div class=""pairwise-progress-bar"">
        <div class=""pairwise-progress-caption"">Your progress</div>
        <div class=""pairwise-progress-segments""><div class=""pairwise-progress-segment""><div class=""pairwise-progress-segment-fill"" style=""width: 100%""></div></div><div class=""pairwise-progress-segment""><div class=""pairwise-progress-segment-fill"" style=""width: 77%""></div></div><div class=""pairwise-progress-segment""><div class=""pairwise-progress-segment-fill"" style=""width: 0%""></div></div><div class=""pairwise-progress-segment""><div class=""pairwise-progress-segment-fill"" style=""width: 0%""></div></div></div>
      </div>
      <div class=""pairwise-progress-part-label"">Part 2 of 4</div>
    </div>","2","","pairwise","mouse","","","","","","","","","","","","","","","","","","","","","","","","","","","","","","","47","8a","Moving or speaking slowly that other people could have noticed","9a","Thoughts that you would be better off dead","440409","1697","skip","","","true","",""
"html-keyboard-response","123","2.1.0","441593","l1stv4eg","9a2xyneg","603e1fe6849f5c63a9997cf5","6abccec7e23d98550c18ccbb","session_2","1920","1080","2026-10-01T08:19:28.226Z","0","ok","null","<div class=""pairwise-prompt"">Which of these two problems has been bothering you more during the last two weeks?</div><div class=""pairwise-iti-fixation"">+</div>
    <div class=""pairwise-progress"">
      <div class=""pairwise-progress-bar"">
        <div class=""pairwise-progress-caption"">Your progress</div>
        <div class=""pairwise-progress-segments""><div class=""pairwise-progress-segment""><div class=""pairwise-progress-segment-fill"" style=""width: 100%""></div></div><div class=""pairwise-progress-segment""><div class=""pairwise-progress-segment-fill"" style=""width: 81%""></div></div><div class=""pairwise-progress-segment""><div class=""pairwise-progress-segment-fill"" style=""width: 0%""></div></div><div class=""pairwise-progress-segment""><div class=""pairwise-progress-segment-fill"" style=""width: 0%""></div></div></div>
      </div>
      <div class=""pairwise-progress-part-label"">Part 2 of 4</div>
    </div>","null","","iti","","","","","","","","","","","","","","","","","","","","","","","","","","","","","","","pairwise","48","","","","","","","","","","","",""
"html-button-response","124","2.1.0","443263","l1stv4eg","9a2xyneg","603e1fe6849f5c63a9997cf5","6abccec7e23d98550c18ccbb","session_2","1920","1080","2026-10-01T08:19:29.896Z","0","ok","1668","
      <div class=""pairwise-prompt"">Which of these two problems has been bothering you more during the last two weeks?</div>
    <div class=""pairwise-progress"">
      <div class=""pairwise-progress-bar"">
        <div class=""pairwise-progress-caption"">Your progress</div>
        <div class=""pairwise-progress-segments""><div class=""pairwise-progress-segment""><div class=""pairwise-progress-segment-fill"" style=""width: 100%""></div></div><div class=""pairwise-progress-segment""><div class=""pairwise-progress-segment-fill"" style=""width: 81%""></div></div><div class=""pairwise-progress-segment""><div class=""pairwise-progress-segment-fill"" style=""width: 0%""></div></div><div class=""pairwise-progress-segment""><div class=""pairwise-progress-segment-fill"" style=""width: 0%""></div></div></div>
      </div>
      <div class=""pairwise-progress-part-label"">Part 2 of 4</div>
    </div>","2","","pairwise","mouse","","","","","","","","","","","","","","","","","","","","","","","","","","","","","","","48","5a","Poor appetite","5b","Overeating","444111","1668","skip","","","true","",""
"html-keyboard-response","125","2.1.0","445268","l1stv4eg","9a2xyneg","603e1fe6849f5c63a9997cf5","6abccec7e23d98550c18ccbb","session_2","1920","1080","2026-10-01T08:19:31.901Z","0","ok","null","<div class=""pairwise-prompt"">Which of these two problems has been bothering you more during the last two weeks?</div><div class=""pairwise-iti-fixation"">+</div>
    <div class=""pairwise-progress"">
      <div class=""pairwise-progress-bar"">
        <div class=""pairwise-progress-caption"">Your progress</div>
        <div class=""pairwise-progress-segments""><div class=""pairwise-progress-segment""><div class=""pairwise-progress-segment-fill"" style=""width: 100%""></div></div><div class=""pairwise-progress-segment""><div class=""pairwise-progress-segment-fill"" style=""width: 85%""></div></div><div class=""pairwise-progress-segment""><div class=""pairwise-progress-segment-fill"" style=""width: 0%""></div></div><div class=""pairwise-progress-segment""><div class=""pairwise-progress-segment-fill"" style=""width: 0%""></div></div></div>
      </div>
      <div class=""pairwise-progress-part-label"">Part 2 of 4</div>
    </div>","null","","iti","","","","","","","","","","","","","","","","","","","","","","","","","","","","","","","pairwise","49","","","","","","","","","","","",""
"html-button-response","126","2.1.0","446647","l1stv4eg","9a2xyneg","603e1fe6849f5c63a9997cf5","6abccec7e23d98550c18ccbb","session_2","1920","1080","2026-10-01T08:19:33.280Z","0","ok","1377","
      <div class=""pairwise-prompt"">Which of these two problems has been bothering you more during the last two weeks?</div>
    <div class=""pairwise-progress"">
      <div class=""pairwise-progress-bar"">
        <div class=""pairwise-progress-caption"">Your progress</div>
        <div class=""pairwise-progress-segments""><div class=""pairwise-progress-segment""><div class=""pairwise-progress-segment-fill"" style=""width: 100%""></div></div><div class=""pairwise-progress-segment""><div class=""pairwise-progress-segment-fill"" style=""width: 85%""></div></div><div class=""pairwise-progress-segment""><div class=""pairwise-progress-segment-fill"" style=""width: 0%""></div></div><div class=""pairwise-progress-segment""><div class=""pairwise-progress-segment-fill"" style=""width: 0%""></div></div></div>
      </div>
      <div class=""pairwise-progress-part-label"">Part 2 of 4</div>
    </div>","0","","pairwise","mouse","","","","","","","","","","","","","","","","","","","","","","","","","","","","","","","49","1","Little interest or pleasure in doing things","9a","Thoughts that you would be better off dead","447786","1377","left","1","Little interest or pleasure in doing things","false","",""
"html-keyboard-response","127","2.1.0","448650","l1stv4eg","9a2xyneg","603e1fe6849f5c63a9997cf5","6abccec7e23d98550c18ccbb","session_2","1920","1080","2026-10-01T08:19:35.284Z","0","ok","null","<div class=""pairwise-prompt"">Which of these two problems has been bothering you more during the last two weeks?</div><div class=""pairwise-iti-fixation"">+</div>
    <div class=""pairwise-progress"">
      <div class=""pairwise-progress-bar"">
        <div class=""pairwise-progress-caption"">Your progress</div>
        <div class=""pairwise-progress-segments""><div class=""pairwise-progress-segment""><div class=""pairwise-progress-segment-fill"" style=""width: 100%""></div></div><div class=""pairwise-progress-segment""><div class=""pairwise-progress-segment-fill"" style=""width: 88%""></div></div><div class=""pairwise-progress-segment""><div class=""pairwise-progress-segment-fill"" style=""width: 0%""></div></div><div class=""pairwise-progress-segment""><div class=""pairwise-progress-segment-fill"" style=""width: 0%""></div></div></div>
      </div>
      <div class=""pairwise-progress-part-label"">Part 2 of 4</div>
    </div>","null","","iti","","","","","","","","","","","","","","","","","","","","","","","","","","","","","","","pairwise","50","","","","","","","","","","","",""
"html-button-response","128","2.1.0","450545","l1stv4eg","9a2xyneg","603e1fe6849f5c63a9997cf5","6abccec7e23d98550c18ccbb","session_2","1920","1080","2026-10-01T08:19:37.178Z","0","ok","1894","
      <div class=""pairwise-prompt"">Which of these two problems has been bothering you more during the last two weeks?</div>
    <div class=""pairwise-progress"">
      <div class=""pairwise-progress-bar"">
        <div class=""pairwise-progress-caption"">Your progress</div>
        <div class=""pairwise-progress-segments""><div class=""pairwise-progress-segment""><div class=""pairwise-progress-segment-fill"" style=""width: 100%""></div></div><div class=""pairwise-progress-segment""><div class=""pairwise-progress-segment-fill"" style=""width: 88%""></div></div><div class=""pairwise-progress-segment""><div class=""pairwise-progress-segment-fill"" style=""width: 0%""></div></div><div class=""pairwise-progress-segment""><div class=""pairwise-progress-segment-fill"" style=""width: 0%""></div></div></div>
      </div>
      <div class=""pairwise-progress-part-label"">Part 2 of 4</div>
    </div>","0","","pairwise","mouse","","","","","","","","","","","","","","","","","","","","","","","","","","","","","","","50","1","Little interest or pleasure in doing things","3b","Sleeping too much","451168","1894","left","1","Little interest or pleasure in doing things","false","",""
"html-keyboard-response","129","2.1.0","452547","l1stv4eg","9a2xyneg","603e1fe6849f5c63a9997cf5","6abccec7e23d98550c18ccbb","session_2","1920","1080","2026-10-01T08:19:39.180Z","0","ok","null","<div class=""pairwise-prompt"">Which of these two problems has been bothering you more during the last two weeks?</div><div class=""pairwise-iti-fixation"">+</div>
    <div class=""pairwise-progress"">
      <div class=""pairwise-progress-bar"">
        <div class=""pairwise-progress-caption"">Your progress</div>
        <div class=""pairwise-progress-segments""><div class=""pairwise-progress-segment""><div class=""pairwise-progress-segment-fill"" style=""width: 100%""></div></div><div class=""pairwise-progress-segment""><div class=""pairwise-progress-segment-fill"" style=""width: 92%""></div></div><div class=""pairwise-progress-segment""><div class=""pairwise-progress-segment-fill"" style=""width: 0%""></div></div><div class=""pairwise-progress-segment""><div class=""pairwise-progress-segment-fill"" style=""width: 0%""></div></div></div>
      </div>
      <div class=""pairwise-progress-part-label"">Part 2 of 4</div>
    </div>","null","","iti","","","","","","","","","","","","","","","","","","","","","","","","","","","","","","","pairwise","51","","","","","","","","","","","",""
"html-button-response","130","2.1.0","453618","l1stv4eg","9a2xyneg","603e1fe6849f5c63a9997cf5","6abccec7e23d98550c18ccbb","session_2","1920","1080","2026-10-01T08:19:40.251Z","0","ok","1069","
      <div class=""pairwise-prompt"">Which of these two problems has been bothering you more during the last two weeks?</div>
    <div class=""pairwise-progress"">
      <div class=""pairwise-progress-bar"">
        <div class=""pairwise-progress-caption"">Your progress</div>
        <div class=""pairwise-progress-segments""><div class=""pairwise-progress-segment""><div class=""pairwise-progress-segment-fill"" style=""width: 100%""></div></div><div class=""pairwise-progress-segment""><div class=""pairwise-progress-segment-fill"" style=""width: 92%""></div></div><div class=""pairwise-progress-segment""><div class=""pairwise-progress-segment-fill"" style=""width: 0%""></div></div><div class=""pairwise-progress-segment""><div class=""pairwise-progress-segment-fill"" style=""width: 0%""></div></div></div>
      </div>
      <div class=""pairwise-progress-part-label"">Part 2 of 4</div>
    </div>","1","","pairwise","mouse","","","","","","","","","","","","","","","","","","","","","","","","","","","","","","","51","5a","Poor appetite","2a","Feeling down or depressed","455065","1069","right","2a","Feeling down or depressed","false","",""
"html-keyboard-response","131","2.1.0","455619","l1stv4eg","9a2xyneg","603e1fe6849f5c63a9997cf5","6abccec7e23d98550c18ccbb","session_2","1920","1080","2026-10-01T08:19:42.252Z","0","ok","null","<div class=""pairwise-prompt"">Which of these two problems has been bothering you more during the last two weeks?</div><div class=""pairwise-iti-fixation"">+</div>
    <div class=""pairwise-progress"">
      <div class=""pairwise-progress-bar"">
        <div class=""pairwise-progress-caption"">Your progress</div>
        <div class=""pairwise-progress-segments""><div class=""pairwise-progress-segment""><div class=""pairwise-progress-segment-fill"" style=""width: 100%""></div></div><div class=""pairwise-progress-segment""><div class=""pairwise-progress-segment-fill"" style=""width: 96%""></div></div><div class=""pairwise-progress-segment""><div class=""pairwise-progress-segment-fill"" style=""width: 0%""></div></div><div class=""pairwise-progress-segment""><div class=""pairwise-progress-segment-fill"" style=""width: 0%""></div></div></div>
      </div>
      <div class=""pairwise-progress-part-label"">Part 2 of 4</div>
    </div>","null","","iti","","","","","","","","","","","","","","","","","","","","","","","","","","","","","","","pairwise","52","","","","","","","","","","","",""
"html-button-response","132","2.1.0","457415","l1stv4eg","9a2xyneg","603e1fe6849f5c63a9997cf5","6abccec7e23d98550c18ccbb","session_2","1920","1080","2026-10-01T08:19:44.048Z","0","ok","1795","
      <div class=""pairwise-prompt"">Which of these two problems has been bothering you more during the last two weeks?</div>
    <div class=""pairwise-progress"">
      <div class=""pairwise-progress-bar"">
        <div class=""pairwise-progress-caption"">Your progress</div>
        <div class=""pairwise-progress-segments""><div class=""pairwise-progress-segment""><div class=""pairwise-progress-segment-fill"" style=""width: 100%""></div></div><div class=""pairwise-progress-segment""><div class=""pairwise-progress-segment-fill"" style=""width: 96%""></div></div><div class=""pairwise-progress-segment""><div class=""pairwise-progress-segment-fill"" style=""width: 0%""></div></div><div class=""pairwise-progress-segment""><div class=""pairwise-progress-segment-fill"" style=""width: 0%""></div></div></div>
      </div>
      <div class=""pairwise-progress-part-label"">Part 2 of 4</div>
    </div>","2","","pairwise","mouse","","","","","","","","","","","","","","","","","","","","","","","","","","","","","","","52","3b","Sleeping too much","5a","Poor appetite","458136","1795","skip","","","true","",""
"html-button-response","133","2.1.0","458404","l1stv4eg","9a2xyneg","603e1fe6849f5c63a9997cf5","6abccec7e23d98550c18ccbb","session_2","1920","1080","2026-10-01T08:19:45.037Z","0","ok","988","
        <div class=""instruction-card"">
          <div class=""instruction-card-heading"">
            <h1>Take a Break</h1>
            <span class=""instruction-card-accent""></span>
          </div>
          <div class=""instruction-card-body"">
            <p>You've completed Part 2 of 4 &mdash; you're halfway through! Feel free to take a break whenever you need.</p>
            <p>Click ""Continue"" when you're ready to proceed with Part 3.</p>
          </div>
        </div>","0","","phase2_break","","","","","","","","","","","","","","","","","","","","","","","","","","","","","","","","","","","","","","","","","","","2",""
"html-keyboard-response","134","2.1.0","460408","l1stv4eg","9a2xyneg","603e1fe6849f5c63a9997cf5","6abccec7e23d98550c18ccbb","session_2","1920","1080","2026-10-01T08:19:47.041Z","0","ok","null","<div class=""pairwise-prompt"">Which of these two problems has been bothering you more during the last two weeks?</div><div class=""pairwise-iti-fixation"">+</div>
    <div class=""pairwise-progress"">
      <div class=""pairwise-progress-bar"">
        <div class=""pairwise-progress-caption"">Your progress</div>
        <div class=""pairwise-progress-segments""><div class=""pairwise-progress-segment""><div class=""pairwise-progress-segment-fill"" style=""width: 100%""></div></div><div class=""pairwise-progress-segment""><div class=""pairwise-progress-segment-fill"" style=""width: 100%""></div></div><div class=""pairwise-progress-segment""><div class=""pairwise-progress-segment-fill"" style=""width: 0%""></div></div><div class=""pairwise-progress-segment""><div class=""pairwise-progress-segment-fill"" style=""width: 0%""></div></div></div>
      </div>
      <div class=""pairwise-progress-part-label"">Part 3 of 4</div>
    </div>","null","","iti","","","","","","","","","","","","","","","","","","","","","","","","","","","","","","","pairwise","53","","","","","","","","","","","",""
"html-button-response","135","2.1.0","462634","l1stv4eg","9a2xyneg","603e1fe6849f5c63a9997cf5","6abccec7e23d98550c18ccbb","session_2","1920","1080","2026-10-01T08:19:49.267Z","0","ok","2224","
      <div class=""pairwise-prompt"">Which of these two problems has been bothering you more during the last two weeks?</div>
    <div class=""pairwise-progress"">
      <div class=""pairwise-progress-bar"">
        <div class=""pairwise-progress-caption"">Your progress</div>
        <div class=""pairwise-progress-segments""><div class=""pairwise-progress-segment""><div class=""pairwise-progress-segment-fill"" style=""width: 100%""></div></div><div class=""pairwise-progress-segment""><div class=""pairwise-progress-segment-fill"" style=""width: 100%""></div></div><div class=""pairwise-progress-segment""><div class=""pairwise-progress-segment-fill"" style=""width: 0%""></div></div><div class=""pairwise-progress-segment""><div class=""pairwise-progress-segment-fill"" style=""width: 0%""></div></div></div>
      </div>
      <div class=""pairwise-progress-part-label"">Part 3 of 4</div>
    </div>","1","","pairwise","mouse","","","","","","","","","","","","","","","","","","","","","","","","","","","","","","","53","3a","Trouble falling or staying asleep","2b","Feeling hopeless","462926","2224","right","2b","Feeling hopeless","false","",""
"html-keyboard-response","136","2.1.0","464648","l1stv4eg","9a2xyneg","603e1fe6849f5c63a9997cf5","6abccec7e23d98550c18ccbb","session_2","1920","1080","2026-10-01T08:19:51.281Z","0","ok","null","<div class=""pairwise-prompt"">Which of these two problems has been bothering you more during the last two weeks?</div><div class=""pairwise-iti-fixation"">+</div>
    <div class=""pairwise-progress"">
      <div class=""pairwise-progress-bar"">
        <div class=""pairwise-progress-caption"">Your progress</div>
        <div class=""pairwise-progress-segments""><div class=""pairwise-progress-segment""><div class=""pairwise-progress-segment-fill"" style=""width: 100%""></div></div><div class=""pairwise-progress-segment""><div class=""pairwise-progress-segment-fill"" style=""width: 100%""></div></div><div class=""pairwise-progress-segment""><div class=""pairwise-progress-segment-fill"" style=""width: 4%""></div></div><div class=""pairwise-progress-segment""><div class=""pairwise-progress-segment-fill"" style=""width: 0%""></div></div></div>
      </div>
      <div class=""pairwise-progress-part-label"">Part 3 of 4</div>
    </div>","null","","iti","","","","","","","","","","","","","","","","","","","","","","","","","","","","","","","pairwise","54","","","","","","","","","","","",""
"html-button-response","137","2.1.0","466097","l1stv4eg","9a2xyneg","603e1fe6849f5c63a9997cf5","6abccec7e23d98550c18ccbb","session_2","1920","1080","2026-10-01T08:19:52.730Z","0","ok","1447","
      <div class=""pairwise-prompt"">Which of these two problems has been bothering you more during the last two weeks?</div>
    <div class=""pairwise-progress"">
      <div class=""pairwise-progress-bar"">
        <div class=""pairwise-progress-caption"">Your progress</div>
        <div class=""pairwise-progress-segments""><div class=""pairwise-progress-segment""><div class=""pairwise-progress-segment-fill"" style=""width: 100%""></div></div><div class=""pairwise-progress-segment""><div class=""pairwise-progress-segment-fill"" style=""width: 100%""></div></div><div class=""pairwise-progress-segment""><div class=""pairwise-progress-segment-fill"" style=""width: 4%""></div></div><div class=""pairwise-progress-segment""><div class=""pairwise-progress-segment-fill"" style=""width: 0%""></div></div></div>
      </div>
      <div class=""pairwise-progress-part-label"">Part 3 of 4</div>
    </div>","1","","pairwise","mouse","","","","","","","","","","","","","","","","","","","","","","","","","","","","","","","54","9b","Thoughts of hurting yourself in some way","6a","Feeling bad about yourself or that you are a failure","467166","1447","right","6a","Feeling bad about yourself or that you are a failure","false","",""
"html-keyboard-response","138","2.1.0","468103","l1stv4eg","9a2xyneg","603e1fe6849f5c63a9997cf5","6abccec7e23d98550c18ccbb","session_2","1920","1080","2026-10-01T08:19:54.736Z","0","ok","null","<div class=""pairwise-prompt"">Which of these two problems has been bothering you more during the last two weeks?</div><div class=""pairwise-iti-fixation"">+</div>
    <div class=""pairwise-progress"">
      <div class=""pairwise-progress-bar"">
        <div class=""pairwise-progress-caption"">Your progress</div>
        <div class=""pairwise-progress-segments""><div class=""pairwise-progress-segment""><div class=""pairwise-progress-segment-fill"" style=""width: 100%""></div></div><div class=""pairwise-progress-segment""><div class=""pairwise-progress-segment-fill"" style=""width: 100%""></div></div><div class=""pairwise-progress-segment""><div class=""pairwise-progress-segment-fill"" style=""width: 8%""></div></div><div class=""pairwise-progress-segment""><div class=""pairwise-progress-segment-fill"" style=""width: 0%""></div></div></div>
      </div>
      <div class=""pairwise-progress-part-label"">Part 3 of 4</div>
    </div>","null","","iti","","","","","","","","","","","","","","","","","","","","","","","","","","","","","","","pairwise","55","","","","","","","","","","","",""
"html-button-response","139","2.1.0","469396","l1stv4eg","9a2xyneg","603e1fe6849f5c63a9997cf5","6abccec7e23d98550c18ccbb","session_2","1920","1080","2026-10-01T08:19:56.029Z","0","ok","1292","
      <div class=""pairwise-prompt"">Which of these two problems has been bothering you more during the last two weeks?</div>
    <div class=""pairwise-progress"">
      <div class=""pairwise-progress-bar"">
        <div class=""pairwise-progress-caption"">Your progress</div>
        <div class=""pairwise-progress-segments""><div class=""pairwise-progress-segment""><div class=""pairwise-progress-segment-fill"" style=""width: 100%""></div></div><div class=""pairwise-progress-segment""><div class=""pairwise-progress-segment-fill"" style=""width: 100%""></div></div><div class=""pairwise-progress-segment""><div class=""pairwise-progress-segment-fill"" style=""width: 8%""></div></div><div class=""pairwise-progress-segment""><div class=""pairwise-progress-segment-fill"" style=""width: 0%""></div></div></div>
      </div>
      <div class=""pairwise-progress-part-label"">Part 3 of 4</div>
    </div>","0","","pairwise","mouse","","","","","","","","","","","","","","","","","","","","","","","","","","","","","","","55","6a","Feeling bad about yourself or that you are a failure","2a","Feeling down or depressed","470620","1292","left","6a","Feeling bad about yourself or that you are a failure","false","",""
"html-keyboard-response","140","2.1.0","471412","l1stv4eg","9a2xyneg","603e1fe6849f5c63a9997cf5","6abccec7e23d98550c18ccbb","session_2","1920","1080","2026-10-01T08:19:58.045Z","0","ok","null","<div class=""pairwise-prompt"">Which of these two problems has been bothering you more during the last two weeks?</div><div class=""pairwise-iti-fixation"">+</div>
    <div class=""pairwise-progress"">
      <div class=""pairwise-progress-bar"">
        <div class=""pairwise-progress-caption"">Your progress</div>
        <div class=""pairwise-progress-segments""><div class=""pairwise-progress-segment""><div class=""pairwise-progress-segment-fill"" style=""width: 100%""></div></div><div class=""pairwise-progress-segment""><div class=""pairwise-progress-segment-fill"" style=""width: 100%""></div></div><div class=""pairwise-progress-segment""><div class=""pairwise-progress-segment-fill"" style=""width: 12%""></div></div><div class=""pairwise-progress-segment""><div class=""pairwise-progress-segment-fill"" style=""width: 0%""></div></div></div>
      </div>
      <div class=""pairwise-progress-part-label"">Part 3 of 4</div>
    </div>","null","","iti","","","","","","","","","","","","","","","","","","","","","","","","","","","","","","","pairwise","56","","","","","","","","","","","",""
"html-button-response","141","2.1.0","495810","l1stv4eg","9a2xyneg","603e1fe6849f5c63a9997cf5","6abccec7e23d98550c18ccbb","session_2","1920","1080","2026-10-01T08:20:22.443Z","0","ok","24398","
      <div class=""pairwise-prompt"">Which of these two problems has been bothering you more during the last two weeks?</div>
    <div class=""pairwise-progress"">
      <div class=""pairwise-progress-bar"">
        <div class=""pairwise-progress-caption"">Your progress</div>
        <div class=""pairwise-progress-segments""><div class=""pairwise-progress-segment""><div class=""pairwise-progress-segment-fill"" style=""width: 100%""></div></div><div class=""pairwise-progress-segment""><div class=""pairwise-progress-segment-fill"" style=""width: 100%""></div></div><div class=""pairwise-progress-segment""><div class=""pairwise-progress-segment-fill"" style=""width: 12%""></div></div><div class=""pairwise-progress-segment""><div class=""pairwise-progress-segment-fill"" style=""width: 0%""></div></div></div>
      </div>
      <div class=""pairwise-progress-part-label"">Part 3 of 4</div>
    </div>","0","","pairwise","mouse","","","","","","","","","","","","","","","","","","","","","","","","","","","","","","","56","6b","Feeling that you have let yourself or your family down","8a","Moving or speaking slowly that other people could have noticed","473930","24398","left","6b","Feeling that you have let yourself or your family down","false","",""
"html-keyboard-response","142","2.1.0","497825","l1stv4eg","9a2xyneg","603e1fe6849f5c63a9997cf5","6abccec7e23d98550c18ccbb","session_2","1920","1080","2026-10-01T08:20:24.458Z","0","ok","null","<div class=""pairwise-prompt"">Which of these two problems has been bothering you more during the last two weeks?</div><div class=""pairwise-iti-fixation"">+</div>
    <div class=""pairwise-progress"">
      <div class=""pairwise-progress-bar"">
        <div class=""pairwise-progress-caption"">Your progress</div>
        <div class=""pairwise-progress-segments""><div class=""pairwise-progress-segment""><div class=""pairwise-progress-segment-fill"" style=""width: 100%""></div></div><div class=""pairwise-progress-segment""><div class=""pairwise-progress-segment-fill"" style=""width: 100%""></div></div><div class=""pairwise-progress-segment""><div class=""pairwise-progress-segment-fill"" style=""width: 15%""></div></div><div class=""pairwise-progress-segment""><div class=""pairwise-progress-segment-fill"" style=""width: 0%""></div></div></div>
      </div>
      <div class=""pairwise-progress-part-label"">Part 3 of 4</div>
    </div>","null","","iti","","","","","","","","","","","","","","","","","","","","","","","","","","","","","","","pairwise","57","","","","","","","","","","","",""
"html-button-response","143","2.1.0","501588","l1stv4eg","9a2xyneg","603e1fe6849f5c63a9997cf5","6abccec7e23d98550c18ccbb","session_2","1920","1080","2026-10-01T08:20:28.221Z","0","ok","3761","
      <div class=""pairwise-prompt"">Which of these two problems has been bothering you more during the last two weeks?</div>
    <div class=""pairwise-progress"">
      <div class=""pairwise-progress-bar"">
        <div class=""pairwise-progress-caption"">Your progress</div>
        <div class=""pairwise-progress-segments""><div class=""pairwise-progress-segment""><div class=""pairwise-progress-segment-fill"" style=""width: 100%""></div></div><div class=""pairwise-progress-segment""><div class=""pairwise-progress-segment-fill"" style=""width: 100%""></div></div><div class=""pairwise-progress-segment""><div class=""pairwise-progress-segment-fill"" style=""width: 15%""></div></div><div class=""pairwise-progress-segment""><div class=""pairwise-progress-segment-fill"" style=""width: 0%""></div></div></div>
      </div>
      <div class=""pairwise-progress-part-label"">Part 3 of 4</div>
    </div>","1","","pairwise","mouse","","","","","","","","","","","","","","","","","","","","","","","","","","","","","","","57","8a","Moving or speaking slowly that other people could have noticed","1","Little interest or pleasure in doing things","500345","3761","right","1","Little interest or pleasure in doing things","false","",""
"html-keyboard-response","144","2.1.0","503599","l1stv4eg","9a2xyneg","603e1fe6849f5c63a9997cf5","6abccec7e23d98550c18ccbb","session_2","1920","1080","2026-10-01T08:20:30.232Z","0","ok","null","<div class=""pairwise-prompt"">Which of these two problems has been bothering you more during the last two weeks?</div><div class=""pairwise-iti-fixation"">+</div>
    <div class=""pairwise-progress"">
      <div class=""pairwise-progress-bar"">
        <div class=""pairwise-progress-caption"">Your progress</div>
        <div class=""pairwise-progress-segments""><div class=""pairwise-progress-segment""><div class=""pairwise-progress-segment-fill"" style=""width: 100%""></div></div><div class=""pairwise-progress-segment""><div class=""pairwise-progress-segment-fill"" style=""width: 100%""></div></div><div class=""pairwise-progress-segment""><div class=""pairwise-progress-segment-fill"" style=""width: 19%""></div></div><div class=""pairwise-progress-segment""><div class=""pairwise-progress-segment-fill"" style=""width: 0%""></div></div></div>
      </div>
      <div class=""pairwise-progress-part-label"">Part 3 of 4</div>
    </div>","null","","iti","","","","","","","","","","","","","","","","","","","","","","","","","","","","","","","pairwise","58","","","","","","","","","","","",""
"html-button-response","145","2.1.0","505072","l1stv4eg","9a2xyneg","603e1fe6849f5c63a9997cf5","6abccec7e23d98550c18ccbb","session_2","1920","1080","2026-10-01T08:20:31.705Z","0","ok","1471","
      <div class=""pairwise-prompt"">Which of these two problems has been bothering you more during the last two weeks?</div>
    <div class=""pairwise-progress"">
      <div class=""pairwise-progress-bar"">
        <div class=""pairwise-progress-caption"">Your progress</div>
        <div class=""pairwise-progress-segments""><div class=""pairwise-progress-segment""><div class=""pairwise-progress-segment-fill"" style=""width: 100%""></div></div><div class=""pairwise-progress-segment""><div class=""pairwise-progress-segment-fill"" style=""width: 100%""></div></div><div class=""pairwise-progress-segment""><div class=""pairwise-progress-segment-fill"" style=""width: 19%""></div></div><div class=""pairwise-progress-segment""><div class=""pairwise-progress-segment-fill"" style=""width: 0%""></div></div></div>
      </div>
      <div class=""pairwise-progress-part-label"">Part 3 of 4</div>
    </div>","1","","pairwise","mouse","","","","","","","","","","","","","","","","","","","","","","","","","","","","","","","58","9a","Thoughts that you would be better off dead","6b","Feeling that you have let yourself or your family down","506120","1471","right","6b","Feeling that you have let yourself or your family down","false","",""
"html-keyboard-response","146","2.1.0","507084","l1stv4eg","9a2xyneg","603e1fe6849f5c63a9997cf5","6abccec7e23d98550c18ccbb","session_2","1920","1080","2026-10-01T08:20:33.717Z","0","ok","null","<div class=""pairwise-prompt"">Which of these two problems has been bothering you more during the last two weeks?</div><div class=""pairwise-iti-fixation"">+</div>
    <div class=""pairwise-progress"">
      <div class=""pairwise-progress-bar"">
        <div class=""pairwise-progress-caption"">Your progress</div>
        <div class=""pairwise-progress-segments""><div class=""pairwise-progress-segment""><div class=""pairwise-progress-segment-fill"" style=""width: 100%""></div></div><div class=""pairwise-progress-segment""><div class=""pairwise-progress-segment-fill"" style=""width: 100%""></div></div><div class=""pairwise-progress-segment""><div class=""pairwise-progress-segment-fill"" style=""width: 23%""></div></div><div class=""pairwise-progress-segment""><div class=""pairwise-progress-segment-fill"" style=""width: 0%""></div></div></div>
      </div>
      <div class=""pairwise-progress-part-label"">Part 3 of 4</div>
    </div>","null","","iti","","","","","","","","","","","","","","","","","","","","","","","","","","","","","","","pairwise","59","","","","","","","","","","","",""
"html-button-response","147","2.1.0","509783","l1stv4eg","9a2xyneg","603e1fe6849f5c63a9997cf5","6abccec7e23d98550c18ccbb","session_2","1920","1080","2026-10-01T08:20:36.416Z","0","ok","2698","
      <div class=""pairwise-prompt"">Which of these two problems has been bothering you more during the last two weeks?</div>
    <div class=""pairwise-progress"">
      <div class=""pairwise-progress-bar"">
        <div class=""pairwise-progress-caption"">Your progress</div>
        <div class=""pairwise-progress-segments""><div class=""pairwise-progress-segment""><div class=""pairwise-progress-segment-fill"" style=""width: 100%""></div></div><div class=""pairwise-progress-segment""><div class=""pairwise-progress-segment-fill"" style=""width: 100%""></div></div><div class=""pairwise-progress-segment""><div class=""pairwise-progress-segment-fill"" style=""width: 23%""></div></div><div class=""pairwise-progress-segment""><div class=""pairwise-progress-segment-fill"" style=""width: 0%""></div></div></div>
      </div>
      <div class=""pairwise-progress-part-label"">Part 3 of 4</div>
    </div>","2","","pairwise","mouse","","","","","","","","","","","","","","","","","","","","","","","","","","","","","","","59","8b","Being so fidgety or restless that you have been moving around a lot more than usual","3b","Sleeping too much","509603","2698","skip","","","true","",""
"html-keyboard-response","148","2.1.0","511787","l1stv4eg","9a2xyneg","603e1fe6849f5c63a9997cf5","6abccec7e23d98550c18ccbb","session_2","1920","1080","2026-10-01T08:20:38.420Z","0","ok","null","<div class=""pairwise-prompt"">Which of these two problems has been bothering you more during the last two weeks?</div><div class=""pairwise-iti-fixation"">+</div>
    <div class=""pairwise-progress"">
      <div class=""pairwise-progress-bar"">
        <div class=""pairwise-progress-caption"">Your progress</div>
        <div class=""pairwise-progress-segments""><div class=""pairwise-progress-segment""><div class=""pairwise-progress-segment-fill"" style=""width: 100%""></div></div><div class=""pairwise-progress-segment""><div class=""pairwise-progress-segment-fill"" style=""width: 100%""></div></div><div class=""pairwise-progress-segment""><div class=""pairwise-progress-segment-fill"" style=""width: 27%""></div></div><div class=""pairwise-progress-segment""><div class=""pairwise-progress-segment-fill"" style=""width: 0%""></div></div></div>
      </div>
      <div class=""pairwise-progress-part-label"">Part 3 of 4</div>
    </div>","null","","iti","","","","","","","","","","","","","","","","","","","","","","","","","","","","","","","pairwise","60","","","","","","","","","","","",""
"html-button-response","149","2.1.0","513316","l1stv4eg","9a2xyneg","603e1fe6849f5c63a9997cf5","6abccec7e23d98550c18ccbb","session_2","1920","1080","2026-10-01T08:20:39.949Z","0","ok","1528","
      <div class=""pairwise-prompt"">Which of these two problems has been bothering you more during the last two weeks?</div>
    <div class=""pairwise-progress"">
      <div class=""pairwise-progress-bar"">
        <div class=""pairwise-progress-caption"">Your progress</div>
        <div class=""pairwise-progress-segments""><div class=""pairwise-progress-segment""><div class=""pairwise-progress-segment-fill"" style=""width: 100%""></div></div><div class=""pairwise-progress-segment""><div class=""pairwise-progress-segment-fill"" style=""width: 100%""></div></div><div class=""pairwise-progress-segment""><div class=""pairwise-progress-segment-fill"" style=""width: 27%""></div></div><div class=""pairwise-progress-segment""><div class=""pairwise-progress-segment-fill"" style=""width: 0%""></div></div></div>
      </div>
      <div class=""pairwise-progress-part-label"">Part 3 of 4</div>
    </div>","2","","pairwise","mouse","","","","","","","","","","","","","","","","","","","","","","","","","","","","","","","60","5b","Overeating","9b","Thoughts of hurting yourself in some way","514307","1528","skip","","","true","",""
"html-keyboard-response","150","2.1.0","515320","l1stv4eg","9a2xyneg","603e1fe6849f5c63a9997cf5","6abccec7e23d98550c18ccbb","session_2","1920","1080","2026-10-01T08:20:41.953Z","0","ok","null","<div class=""pairwise-prompt"">Which of these two problems has been bothering you more during the last two weeks?</div><div class=""pairwise-iti-fixation"">+</div>
    <div class=""pairwise-progress"">
      <div class=""pairwise-progress-bar"">
        <div class=""pairwise-progress-caption"">Your progress</div>
        <div class=""pairwise-progress-segments""><div class=""pairwise-progress-segment""><div class=""pairwise-progress-segment-fill"" style=""width: 100%""></div></div><div class=""pairwise-progress-segment""><div class=""pairwise-progress-segment-fill"" style=""width: 100%""></div></div><div class=""pairwise-progress-segment""><div class=""pairwise-progress-segment-fill"" style=""width: 31%""></div></div><div class=""pairwise-progress-segment""><div class=""pairwise-progress-segment-fill"" style=""width: 0%""></div></div></div>
      </div>
      <div class=""pairwise-progress-part-label"">Part 3 of 4</div>
    </div>","null","","iti","","","","","","","","","","","","","","","","","","","","","","","","","","","","","","","pairwise","61","","","","","","","","","","","",""
"html-button-response","151","2.1.0","517098","l1stv4eg","9a2xyneg","603e1fe6849f5c63a9997cf5","6abccec7e23d98550c18ccbb","session_2","1920","1080","2026-10-01T08:20:43.731Z","0","ok","1777","
      <div class=""pairwise-prompt"">Which of these two problems has been bothering you more during the last two weeks?</div>
    <div class=""pairwise-progress"">
      <div class=""pairwise-progress-bar"">
        <div class=""pairwise-progress-caption"">Your progress</div>
        <div class=""pairwise-progress-segments""><div class=""pairwise-progress-segment""><div class=""pairwise-progress-segment-fill"" style=""width: 100%""></div></div><div class=""pairwise-progress-segment""><div class=""pairwise-progress-segment-fill"" style=""width: 100%""></div></div><div class=""pairwise-progress-segment""><div class=""pairwise-progress-segment-fill"" style=""width: 31%""></div></div><div class=""pairwise-progress-segment""><div class=""pairwise-progress-segment-fill"" style=""width: 0%""></div></div></div>
      </div>
      <div class=""pairwise-progress-part-label"">Part 3 of 4</div>
    </div>","1","","pairwise","mouse","","","","","","","","","","","","","","","","","","","","","","","","","","","","","","","61","8a","Moving or speaking slowly that other people could have noticed","4","Feeling tired or having little energy","517840","1777","right","4","Feeling tired or having little energy","false","",""
"html-keyboard-response","152","2.1.0","519112","l1stv4eg","9a2xyneg","603e1fe6849f5c63a9997cf5","6abccec7e23d98550c18ccbb","session_2","1920","1080","2026-10-01T08:20:45.745Z","0","ok","null","<div class=""pairwise-prompt"">Which of these two problems has been bothering you more during the last two weeks?</div><div class=""pairwise-iti-fixation"">+</div>
    <div class=""pairwise-progress"">
      <div class=""pairwise-progress-bar"">
        <div class=""pairwise-progress-caption"">Your progress</div>
        <div class=""pairwise-progress-segments""><div class=""pairwise-progress-segment""><div class=""pairwise-progress-segment-fill"" style=""width: 100%""></div></div><div class=""pairwise-progress-segment""><div class=""pairwise-progress-segment-fill"" style=""width: 100%""></div></div><div class=""pairwise-progress-segment""><div class=""pairwise-progress-segment-fill"" style=""width: 35%""></div></div><div class=""pairwise-progress-segment""><div class=""pairwise-progress-segment-fill"" style=""width: 0%""></div></div></div>
      </div>
      <div class=""pairwise-progress-part-label"">Part 3 of 4</div>
    </div>","null","","iti","","","","","","","","","","","","","","","","","","","","","","","","","","","","","","","pairwise","62","","","","","","","","","","","",""
"html-button-response","153","2.1.0","520649","l1stv4eg","9a2xyneg","603e1fe6849f5c63a9997cf5","6abccec7e23d98550c18ccbb","session_2","1920","1080","2026-10-01T08:20:47.282Z","0","ok","1535","
      <div class=""pairwise-prompt"">Which of these two problems has been bothering you more during the last two weeks?</div>
    <div class=""pairwise-progress"">
      <div class=""pairwise-progress-bar"">
        <div class=""pairwise-progress-caption"">Your progress</div>
        <div class=""pairwise-progress-segments""><div class=""pairwise-progress-segment""><div class=""pairwise-progress-segment-fill"" style=""width: 100%""></div></div><div class=""pairwise-progress-segment""><div class=""pairwise-progress-segment-fill"" style=""width: 100%""></div></div><div class=""pairwise-progress-segment""><div class=""pairwise-progress-segment-fill"" style=""width: 35%""></div></div><div class=""pairwise-progress-segment""><div class=""pairwise-progress-segment-fill"" style=""width: 0%""></div></div></div>
      </div>
      <div class=""pairwise-progress-part-label"">Part 3 of 4</div>
    </div>","2","","pairwise","mouse","","","","","","","","","","","","","","","","","","","","","","","","","","","","","","","62","7","Trouble concentrating","5b","Overeating","521633","1535","skip","","","true","",""
"html-keyboard-response","154","2.1.0","522662","l1stv4eg","9a2xyneg","603e1fe6849f5c63a9997cf5","6abccec7e23d98550c18ccbb","session_2","1920","1080","2026-10-01T08:20:49.295Z","0","ok","null","<div class=""pairwise-prompt"">Which of these two problems has been bothering you more during the last two weeks?</div><div class=""pairwise-iti-fixation"">+</div>
    <div class=""pairwise-progress"">
      <div class=""pairwise-progress-bar"">
        <div class=""pairwise-progress-caption"">Your progress</div>
        <div class=""pairwise-progress-segments""><div class=""pairwise-progress-segment""><div class=""pairwise-progress-segment-fill"" style=""width: 100%""></div></div><div class=""pairwise-progress-segment""><div class=""pairwise-progress-segment-fill"" style=""width: 100%""></div></div><div class=""pairwise-progress-segment""><div class=""pairwise-progress-segment-fill"" style=""width: 38%""></div></div><div class=""pairwise-progress-segment""><div class=""pairwise-progress-segment-fill"" style=""width: 0%""></div></div></div>
      </div>
      <div class=""pairwise-progress-part-label"">Part 3 of 4</div>
    </div>","null","","iti","","","","","","","","","","","","","","","","","","","","","","","","","","","","","","","pairwise","63","","","","","","","","","","","",""
"html-button-response","155","2.1.0","526203","l1stv4eg","9a2xyneg","603e1fe6849f5c63a9997cf5","6abccec7e23d98550c18ccbb","session_2","1920","1080","2026-10-01T08:20:52.836Z","0","ok","3541","
      <div class=""pairwise-prompt"">Which of these two problems has been bothering you more during the last two weeks?</div>
    <div class=""pairwise-progress"">
      <div class=""pairwise-progress-bar"">
        <div class=""pairwise-progress-caption"">Your progress</div>
        <div class=""pairwise-progress-segments""><div class=""pairwise-progress-segment""><div class=""pairwise-progress-segment-fill"" style=""width: 100%""></div></div><div class=""pairwise-progress-segment""><div class=""pairwise-progress-segment-fill"" style=""width: 100%""></div></div><div class=""pairwise-progress-segment""><div class=""pairwise-progress-segment-fill"" style=""width: 38%""></div></div><div class=""pairwise-progress-segment""><div class=""pairwise-progress-segment-fill"" style=""width: 0%""></div></div></div>
      </div>
      <div class=""pairwise-progress-part-label"">Part 3 of 4</div>
    </div>","2","","pairwise","mouse","","","","","","","","","","","","","","","","","","","","","","","","","","","","","","","63","5a","Poor appetite","8b","Being so fidgety or restless that you have been moving around a lot more than usual","525181","3541","skip","","","true","",""
"html-keyboard-response","156","2.1.0","528217","l1stv4eg","9a2xyneg","603e1fe6849f5c63a9997cf5","6abccec7e23d98550c18ccbb","session_2","1920","1080","2026-10-01T08:20:54.850Z","0","ok","null","<div class=""pairwise-prompt"">Which of these two problems has been bothering you more during the last two weeks?</div><div class=""pairwise-iti-fixation"">+</div>
    <div class=""pairwise-progress"">
      <div class=""pairwise-progress-bar"">
        <div class=""pairwise-progress-caption"">Your progress</div>
        <div class=""pairwise-progress-segments""><div class=""pairwise-progress-segment""><div class=""pairwise-progress-segment-fill"" style=""width: 100%""></div></div><div class=""pairwise-progress-segment""><div class=""pairwise-progress-segment-fill"" style=""width: 100%""></div></div><div class=""pairwise-progress-segment""><div class=""pairwise-progress-segment-fill"" style=""width: 42%""></div></div><div class=""pairwise-progress-segment""><div class=""pairwise-progress-segment-fill"" style=""width: 0%""></div></div></div>
      </div>
      <div class=""pairwise-progress-part-label"">Part 3 of 4</div>
    </div>","null","","iti","","","","","","","","","","","","","","","","","","","","","","","","","","","","","","","pairwise","64","","","","","","","","","","","",""
"html-button-response","157","2.1.0","530676","l1stv4eg","9a2xyneg","603e1fe6849f5c63a9997cf5","6abccec7e23d98550c18ccbb","session_2","1920","1080","2026-10-01T08:20:57.309Z","0","ok","2457","
      <div class=""pairwise-prompt"">Which of these two problems has been bothering you more during the last two weeks?</div>
    <div class=""pairwise-progress"">
      <div class=""pairwise-progress-bar"">
        <div class=""pairwise-progress-caption"">Your progress</div>
        <div class=""pairwise-progress-segments""><div class=""pairwise-progress-segment""><div class=""pairwise-progress-segment-fill"" style=""width: 100%""></div></div><div class=""pairwise-progress-segment""><div class=""pairwise-progress-segment-fill"" style=""width: 100%""></div></div><div class=""pairwise-progress-segment""><div class=""pairwise-progress-segment-fill"" style=""width: 42%""></div></div><div class=""pairwise-progress-segment""><div class=""pairwise-progress-segment-fill"" style=""width: 0%""></div></div></div>
      </div>
      <div class=""pairwise-progress-part-label"">Part 3 of 4</div>
    </div>","2","","pairwise","mouse","","","","","","","","","","","","","","","","","","","","","","","","","","","","","","","64","9a","Thoughts that you would be better off dead","8b","Being so fidgety or restless that you have been moving around a lot more than usual","530737","2457","skip","","","true","",""
"html-keyboard-response","158","2.1.0","532680","l1stv4eg","9a2xyneg","603e1fe6849f5c63a9997cf5","6abccec7e23d98550c18ccbb","session_2","1920","1080","2026-10-01T08:20:59.314Z","0","ok","null","<div class=""pairwise-prompt"">Which of these two problems has been bothering you more during the last two weeks?</div><div class=""pairwise-iti-fixation"">+</div>
    <div class=""pairwise-progress"">
      <div class=""pairwise-progress-bar"">
        <div class=""pairwise-progress-caption"">Your progress</div>
        <div class=""pairwise-progress-segments""><div class=""pairwise-progress-segment""><div class=""pairwise-progress-segment-fill"" style=""width: 100%""></div></div><div class=""pairwise-progress-segment""><div class=""pairwise-progress-segment-fill"" style=""width: 100%""></div></div><div class=""pairwise-progress-segment""><div class=""pairwise-progress-segment-fill"" style=""width: 46%""></div></div><div class=""pairwise-progress-segment""><div class=""pairwise-progress-segment-fill"" style=""width: 0%""></div></div></div>
      </div>
      <div class=""pairwise-progress-part-label"">Part 3 of 4</div>
    </div>","null","","iti","","","","","","","","","","","","","","","","","","","","","","","","","","","","","","","pairwise","65","","","","","","","","","","","",""
"html-button-response","159","2.1.0","534704","l1stv4eg","9a2xyneg","603e1fe6849f5c63a9997cf5","6abccec7e23d98550c18ccbb","session_2","1920","1080","2026-10-01T08:21:01.337Z","0","ok","2022","
      <div class=""pairwise-prompt"">Which of these two problems has been bothering you more during the last two weeks?</div>
    <div class=""pairwise-progress"">
      <div class=""pairwise-progress-bar"">
        <div class=""pairwise-progress-caption"">Your progress</div>
        <div class=""pairwise-progress-segments""><div class=""pairwise-progress-segment""><div class=""pairwise-progress-segment-fill"" style=""width: 100%""></div></div><div class=""pairwise-progress-segment""><div class=""pairwise-progress-segment-fill"" style=""width: 100%""></div></div><div class=""pairwise-progress-segment""><div class=""pairwise-progress-segment-fill"" style=""width: 46%""></div></div><div class=""pairwise-progress-segment""><div class=""pairwise-progress-segment-fill"" style=""width: 0%""></div></div></div>
      </div>
      <div class=""pairwise-progress-part-label"">Part 3 of 4</div>
    </div>","2","","pairwise","mouse","","","","","","","","","","","","","","","","","","","","","","","","","","","","","","","65","9b","Thoughts of hurting yourself in some way","3b","Sleeping too much","535200","2022","skip","","","true","",""
"html-keyboard-response","160","2.1.0","536713","l1stv4eg","9a2xyneg","603e1fe6849f5c63a9997cf5","6abccec7e23d98550c18ccbb","session_2","1920","1080","2026-10-01T08:21:03.346Z","0","ok","null","<div class=""pairwise-prompt"">Which of these two problems has been bothering you more during the last two weeks?</div><div class=""pairwise-iti-fixation"">+</div>
    <div class=""pairwise-progress"">
      <div class=""pairwise-progress-bar"">
        <div class=""pairwise-progress-caption"">Your progress</div>
        <div class=""pairwise-progress-segments""><div class=""pairwise-progress-segment""><div class=""pairwise-progress-segment-fill"" style=""width: 100%""></div></div><div class=""pairwise-progress-segment""><div class=""pairwise-progress-segment-fill"" style=""width: 100%""></div></div><div class=""pairwise-progress-segment""><div class=""pairwise-progress-segment-fill"" style=""width: 50%""></div></div><div class=""pairwise-progress-segment""><div class=""pairwise-progress-segment-fill"" style=""width: 0%""></div></div></div>
      </div>
      <div class=""pairwise-progress-part-label"">Part 3 of 4</div>
    </div>","null","","iti","","","","","","","","","","","","","","","","","","","","","","","","","","","","","","","pairwise","66","","","","","","","","","","","",""
"html-button-response","161","2.1.0","538325","l1stv4eg","9a2xyneg","603e1fe6849f5c63a9997cf5","6abccec7e23d98550c18ccbb","session_2","1920","1080","2026-10-01T08:21:04.958Z","0","ok","1611","
      <div class=""pairwise-prompt"">Which of these two problems has been bothering you more during the last two weeks?</div>
    <div class=""pairwise-progress"">
      <div class=""pairwise-progress-bar"">
        <div class=""pairwise-progress-caption"">Your progress</div>
        <div class=""pairwise-progress-segments""><div class=""pairwise-progress-segment""><div class=""pairwise-progress-segment-fill"" style=""width: 100%""></div></div><div class=""pairwise-progress-segment""><div class=""pairwise-progress-segment-fill"" style=""width: 100%""></div></div><div class=""pairwise-progress-segment""><div class=""pairwise-progress-segment-fill"" style=""width: 50%""></div></div><div class=""pairwise-progress-segment""><div class=""pairwise-progress-segment-fill"" style=""width: 0%""></div></div></div>
      </div>
      <div class=""pairwise-progress-part-label"">Part 3 of 4</div>
    </div>","1","","pairwise","mouse","","","","","","","","","","","","","","","","","","","","","","","","","","","","","","","66","2b","Feeling hopeless","6b","Feeling that you have let yourself or your family down","539233","1611","right","6b","Feeling that you have let yourself or your family down","false","",""
"html-keyboard-response","162","2.1.0","540331","l1stv4eg","9a2xyneg","603e1fe6849f5c63a9997cf5","6abccec7e23d98550c18ccbb","session_2","1920","1080","2026-10-01T08:21:06.964Z","0","ok","null","<div class=""pairwise-prompt"">Which of these two problems has been bothering you more during the last two weeks?</div><div class=""pairwise-iti-fixation"">+</div>
    <div class=""pairwise-progress"">
      <div class=""pairwise-progress-bar"">
        <div class=""pairwise-progress-caption"">Your progress</div>
        <div class=""pairwise-progress-segments""><div class=""pairwise-progress-segment""><div class=""pairwise-progress-segment-fill"" style=""width: 100%""></div></div><div class=""pairwise-progress-segment""><div class=""pairwise-progress-segment-fill"" style=""width: 100%""></div></div><div class=""pairwise-progress-segment""><div class=""pairwise-progress-segment-fill"" style=""width: 54%""></div></div><div class=""pairwise-progress-segment""><div class=""pairwise-progress-segment-fill"" style=""width: 0%""></div></div></div>
      </div>
      <div class=""pairwise-progress-part-label"">Part 3 of 4</div>
    </div>","null","","iti","","","","","","","","","","","","","","","","","","","","","","","","","","","","","","","pairwise","67","","","","","","","","","","","",""
"html-button-response","163","2.1.0","541798","l1stv4eg","9a2xyneg","603e1fe6849f5c63a9997cf5","6abccec7e23d98550c18ccbb","session_2","1920","1080","2026-10-01T08:21:08.431Z","0","ok","1466","
      <div class=""pairwise-prompt"">Which of these two problems has been bothering you more during the last two weeks?</div>
    <div class=""pairwise-progress"">
      <div class=""pairwise-progress-bar"">
        <div class=""pairwise-progress-caption"">Your progress</div>
        <div class=""pairwise-progress-segments""><div class=""pairwise-progress-segment""><div class=""pairwise-progress-segment-fill"" style=""width: 100%""></div></div><div class=""pairwise-progress-segment""><div class=""pairwise-progress-segment-fill"" style=""width: 100%""></div></div><div class=""pairwise-progress-segment""><div class=""pairwise-progress-segment-fill"" style=""width: 54%""></div></div><div class=""pairwise-progress-segment""><div class=""pairwise-progress-segment-fill"" style=""width: 0%""></div></div></div>
      </div>
      <div class=""pairwise-progress-part-label"">Part 3 of 4</div>
    </div>","0","","pairwise","mouse","","","","","","","","","","","","","","","","","","","","","","","","","","","","","","","67","2b","Feeling hopeless","5a","Poor appetite","542851","1466","left","2b","Feeling hopeless","false","",""
"html-keyboard-response","164","2.1.0","543808","l1stv4eg","9a2xyneg","603e1fe6849f5c63a9997cf5","6abccec7e23d98550c18ccbb","session_2","1920","1080","2026-10-01T08:21:10.441Z","0","ok","null","<div class=""pairwise-prompt"">Which of these two problems has been bothering you more during the last two weeks?</div><div class=""pairwise-iti-fixation"">+</div>
    <div class=""pairwise-progress"">
      <div class=""pairwise-progress-bar"">
        <div class=""pairwise-progress-caption"">Your progress</div>
        <div class=""pairwise-progress-segments""><div class=""pairwise-progress-segment""><div class=""pairwise-progress-segment-fill"" style=""width: 100%""></div></div><div class=""pairwise-progress-segment""><div class=""pairwise-progress-segment-fill"" style=""width: 100%""></div></div><div class=""pairwise-progress-segment""><div class=""pairwise-progress-segment-fill"" style=""width: 58%""></div></div><div class=""pairwise-progress-segment""><div class=""pairwise-progress-segment-fill"" style=""width: 0%""></div></div></div>
      </div>
      <div class=""pairwise-progress-part-label"">Part 3 of 4</div>
    </div>","null","","iti","","","","","","","","","","","","","","","","","","","","","","","","","","","","","","","pairwise","68","","","","","","","","","","","",""
"html-button-response","165","2.1.0","546464","l1stv4eg","9a2xyneg","603e1fe6849f5c63a9997cf5","6abccec7e23d98550c18ccbb","session_2","1920","1080","2026-10-01T08:21:13.097Z","0","ok","2654","
      <div class=""pairwise-prompt"">Which of these two problems has been bothering you more during the last two weeks?</div>
    <div class=""pairwise-progress"">
      <div class=""pairwise-progress-bar"">
        <div class=""pairwise-progress-caption"">Your progress</div>
        <div class=""pairwise-progress-segments""><div class=""pairwise-progress-segment""><div class=""pairwise-progress-segment-fill"" style=""width: 100%""></div></div><div class=""pairwise-progress-segment""><div class=""pairwise-progress-segment-fill"" style=""width: 100%""></div></div><div class=""pairwise-progress-segment""><div class=""pairwise-progress-segment-fill"" style=""width: 58%""></div></div><div class=""pairwise-progress-segment""><div class=""pairwise-progress-segment-fill"" style=""width: 0%""></div></div></div>
      </div>
      <div class=""pairwise-progress-part-label"">Part 3 of 4</div>
    </div>","2","","pairwise","mouse","","","","","","","","","","","","","","","","","","","","","","","","","","","","","","","68","9b","Thoughts of hurting yourself in some way","7","Trouble concentrating","546328","2654","skip","","","true","",""
"html-keyboard-response","166","2.1.0","548467","l1stv4eg","9a2xyneg","603e1fe6849f5c63a9997cf5","6abccec7e23d98550c18ccbb","session_2","1920","1080","2026-10-01T08:21:15.100Z","0","ok","null","<div class=""pairwise-prompt"">Which of these two problems has been bothering you more during the last two weeks?</div><div class=""pairwise-iti-fixation"">+</div>
    <div class=""pairwise-progress"">
      <div class=""pairwise-progress-bar"">
        <div class=""pairwise-progress-caption"">Your progress</div>
        <div class=""pairwise-progress-segments""><div class=""pairwise-progress-segment""><div class=""pairwise-progress-segment-fill"" style=""width: 100%""></div></div><div class=""pairwise-progress-segment""><div class=""pairwise-progress-segment-fill"" style=""width: 100%""></div></div><div class=""pairwise-progress-segment""><div class=""pairwise-progress-segment-fill"" style=""width: 62%""></div></div><div class=""pairwise-progress-segment""><div class=""pairwise-progress-segment-fill"" style=""width: 0%""></div></div></div>
      </div>
      <div class=""pairwise-progress-part-label"">Part 3 of 4</div>
    </div>","null","","iti","","","","","","","","","","","","","","","","","","","","","","","","","","","","","","","pairwise","69","","","","","","","","","","","",""
"html-button-response","167","2.1.0","550635","l1stv4eg","9a2xyneg","603e1fe6849f5c63a9997cf5","6abccec7e23d98550c18ccbb","session_2","1920","1080","2026-10-01T08:21:17.268Z","0","ok","2167","
      <div class=""pairwise-prompt"">Which of these two problems has been bothering you more during the last two weeks?</div>
    <div class=""pairwise-progress"">
      <div class=""pairwise-progress-bar"">
        <div class=""pairwise-progress-caption"">Your progress</div>
        <div class=""pairwise-progress-segments""><div class=""pairwise-progress-segment""><div class=""pairwise-progress-segment-fill"" style=""width: 100%""></div></div><div class=""pairwise-progress-segment""><div class=""pairwise-progress-segment-fill"" style=""width: 100%""></div></div><div class=""pairwise-progress-segment""><div class=""pairwise-progress-segment-fill"" style=""width: 62%""></div></div><div class=""pairwise-progress-segment""><div class=""pairwise-progress-segment-fill"" style=""width: 0%""></div></div></div>
      </div>
      <div class=""pairwise-progress-part-label"">Part 3 of 4</div>
    </div>","0","","pairwise","mouse","","","","","","","","","","","","","","","","","","","","","","","","","","","","","","","69","6b","Feeling that you have let yourself or your family down","1","Little interest or pleasure in doing things","550987","2167","left","6b","Feeling that you have let yourself or your family down","false","",""
"html-keyboard-response","168","2.1.0","552639","l1stv4eg","9a2xyneg","603e1fe6849f5c63a9997cf5","6abccec7e23d98550c18ccbb","session_2","1920","1080","2026-10-01T08:21:19.272Z","0","ok","null","<div class=""pairwise-prompt"">Which of these two problems has been bothering you more during the last two weeks?</div><div class=""pairwise-iti-fixation"">+</div>
    <div class=""pairwise-progress"">
      <div class=""pairwise-progress-bar"">
        <div class=""pairwise-progress-caption"">Your progress</div>
        <div class=""pairwise-progress-segments""><div class=""pairwise-progress-segment""><div class=""pairwise-progress-segment-fill"" style=""width: 100%""></div></div><div class=""pairwise-progress-segment""><div class=""pairwise-progress-segment-fill"" style=""width: 100%""></div></div><div class=""pairwise-progress-segment""><div class=""pairwise-progress-segment-fill"" style=""width: 65%""></div></div><div class=""pairwise-progress-segment""><div class=""pairwise-progress-segment-fill"" style=""width: 0%""></div></div></div>
      </div>
      <div class=""pairwise-progress-part-label"">Part 3 of 4</div>
    </div>","null","","iti","","","","","","","","","","","","","","","","","","","","","","","","","","","","","","","pairwise","70","","","","","","","","","","","",""
"html-button-response","169","2.1.0","554635","l1stv4eg","9a2xyneg","603e1fe6849f5c63a9997cf5","6abccec7e23d98550c18ccbb","session_2","1920","1080","2026-10-01T08:21:21.268Z","0","ok","1994","
      <div class=""pairwise-prompt"">Which of these two problems has been bothering you more during the last two weeks?</div>
    <div class=""pairwise-progress"">
      <div class=""pairwise-progress-bar"">
        <div class=""pairwise-progress-caption"">Your progress</div>
        <div class=""pairwise-progress-segments""><div class=""pairwise-progress-segment""><div class=""pairwise-progress-segment-fill"" style=""width: 100%""></div></div><div class=""pairwise-progress-segment""><div class=""pairwise-progress-segment-fill"" style=""width: 100%""></div></div><div class=""pairwise-progress-segment""><div class=""pairwise-progress-segment-fill"" style=""width: 65%""></div></div><div class=""pairwise-progress-segment""><div class=""pairwise-progress-segment-fill"" style=""width: 0%""></div></div></div>
      </div>
      <div class=""pairwise-progress-part-label"">Part 3 of 4</div>
    </div>","2","","pairwise","mouse","","","","","","","","","","","","","","","","","","","","","","","","","","","","","","","70","3b","Sleeping too much","5b","Overeating","555160","1994","skip","","","true","",""
"html-keyboard-response","170","2.1.0","556638","l1stv4eg","9a2xyneg","603e1fe6849f5c63a9997cf5","6abccec7e23d98550c18ccbb","session_2","1920","1080","2026-10-01T08:21:23.271Z","0","ok","null","<div class=""pairwise-prompt"">Which of these two problems has been bothering you more during the last two weeks?</div><div class=""pairwise-iti-fixation"">+</div>
    <div class=""pairwise-progress"">
      <div class=""pairwise-progress-bar"">
        <div class=""pairwise-progress-caption"">Your progress</div>
        <div class=""pairwise-progress-segments""><div class=""pairwise-progress-segment""><div class=""pairwise-progress-segment-fill"" style=""width: 100%""></div></div><div class=""pairwise-progress-segment""><div class=""pairwise-progress-segment-fill"" style=""width: 100%""></div></div><div class=""pairwise-progress-segment""><div class=""pairwise-progress-segment-fill"" style=""width: 69%""></div></div><div class=""pairwise-progress-segment""><div class=""pairwise-progress-segment-fill"" style=""width: 0%""></div></div></div>
      </div>
      <div class=""pairwise-progress-part-label"">Part 3 of 4</div>
    </div>","null","","iti","","","","","","","","","","","","","","","","","","","","","","","","","","","","","","","pairwise","71","","","","","","","","","","","",""
"html-button-response","171","2.1.0","559631","l1stv4eg","9a2xyneg","603e1fe6849f5c63a9997cf5","6abccec7e23d98550c18ccbb","session_2","1920","1080","2026-10-01T08:21:26.264Z","0","ok","2991","
      <div class=""pairwise-prompt"">Which of these two problems has been bothering you more during the last two weeks?</div>
    <div class=""pairwise-progress"">
      <div class=""pairwise-progress-bar"">
        <div class=""pairwise-progress-caption"">Your progress</div>
        <div class=""pairwise-progress-segments""><div class=""pairwise-progress-segment""><div class=""pairwise-progress-segment-fill"" style=""width: 100%""></div></div><div class=""pairwise-progress-segment""><div class=""pairwise-progress-segment-fill"" style=""width: 100%""></div></div><div class=""pairwise-progress-segment""><div class=""pairwise-progress-segment-fill"" style=""width: 69%""></div></div><div class=""pairwise-progress-segment""><div class=""pairwise-progress-segment-fill"" style=""width: 0%""></div></div></div>
      </div>
      <div class=""pairwise-progress-part-label"">Part 3 of 4</div>
    </div>","2","","pairwise","mouse","","","","","","","","","","","","","","","","","","","","","","","","","","","","","","","71","5a","Poor appetite","8a","Moving or speaking slowly that other people could have noticed","559161","2991","skip","","","true","",""
"html-keyboard-response","172","2.1.0","561639","l1stv4eg","9a2xyneg","603e1fe6849f5c63a9997cf5","6abccec7e23d98550c18ccbb","session_2","1920","1080","2026-10-01T08:21:28.272Z","0","ok","null","<div class=""pairwise-prompt"">Which of these two problems has been bothering you more during the last two weeks?</div><div class=""pairwise-iti-fixation"">+</div>
    <div class=""pairwise-progress"">
      <div class=""pairwise-progress-bar"">
        <div class=""pairwise-progress-caption"">Your progress</div>
        <div class=""pairwise-progress-segments""><div class=""pairwise-progress-segment""><div class=""pairwise-progress-segment-fill"" style=""width: 100%""></div></div><div class=""pairwise-progress-segment""><div class=""pairwise-progress-segment-fill"" style=""width: 100%""></div></div><div class=""pairwise-progress-segment""><div class=""pairwise-progress-segment-fill"" style=""width: 73%""></div></div><div class=""pairwise-progress-segment""><div class=""pairwise-progress-segment-fill"" style=""width: 0%""></div></div></div>
      </div>
      <div class=""pairwise-progress-part-label"">Part 3 of 4</div>
    </div>","null","","iti","","","","","","","","","","","","","","","","","","","","","","","","","","","","","","","pairwise","72","","","","","","","","","","","",""
"html-button-response","173","2.1.0","563165","l1stv4eg","9a2xyneg","603e1fe6849f5c63a9997cf5","6abccec7e23d98550c18ccbb","session_2","1920","1080","2026-10-01T08:21:29.798Z","0","ok","1524","
      <div class=""pairwise-prompt"">Which of these two problems has been bothering you more during the last two weeks?</div>
    <div class=""pairwise-progress"">
      <div class=""pairwise-progress-bar"">
        <div class=""pairwise-progress-caption"">Your progress</div>
        <div class=""pairwise-progress-segments""><div class=""pairwise-progress-segment""><div class=""pairwise-progress-segment-fill"" style=""width: 100%""></div></div><div class=""pairwise-progress-segment""><div class=""pairwise-progress-segment-fill"" style=""width: 100%""></div></div><div class=""pairwise-progress-segment""><div class=""pairwise-progress-segment-fill"" style=""width: 73%""></div></div><div class=""pairwise-progress-segment""><div class=""pairwise-progress-segment-fill"" style=""width: 0%""></div></div></div>
      </div>
      <div class=""pairwise-progress-part-label"">Part 3 of 4</div>
    </div>","0","","pairwise","mouse","","","","","","","","","","","","","","","","","","","","","","","","","","","","","","","72","2a","Feeling down or depressed","8a","Moving or speaking slowly that other people could have noticed","564161","1524","left","2a","Feeling down or depressed","false","",""
"html-keyboard-response","174","2.1.0","565173","l1stv4eg","9a2xyneg","603e1fe6849f5c63a9997cf5","6abccec7e23d98550c18ccbb","session_2","1920","1080","2026-10-01T08:21:31.806Z","0","ok","null","<div class=""pairwise-prompt"">Which of these two problems has been bothering you more during the last two weeks?</div><div class=""pairwise-iti-fixation"">+</div>
    <div class=""pairwise-progress"">
      <div class=""pairwise-progress-bar"">
        <div class=""pairwise-progress-caption"">Your progress</div>
        <div class=""pairwise-progress-segments""><div class=""pairwise-progress-segment""><div class=""pairwise-progress-segment-fill"" style=""width: 100%""></div></div><div class=""pairwise-progress-segment""><div class=""pairwise-progress-segment-fill"" style=""width: 100%""></div></div><div class=""pairwise-progress-segment""><div class=""pairwise-progress-segment-fill"" style=""width: 77%""></div></div><div class=""pairwise-progress-segment""><div class=""pairwise-progress-segment-fill"" style=""width: 0%""></div></div></div>
      </div>
      <div class=""pairwise-progress-part-label"">Part 3 of 4</div>
    </div>","null","","iti","","","","","","","","","","","","","","","","","","","","","","","","","","","","","","","pairwise","73","","","","","","","","","","","",""
"html-button-response","175","2.1.0","566633","l1stv4eg","9a2xyneg","603e1fe6849f5c63a9997cf5","6abccec7e23d98550c18ccbb","session_2","1920","1080","2026-10-01T08:21:33.266Z","0","ok","1459","
      <div class=""pairwise-prompt"">Which of these two problems has been bothering you more during the last two weeks?</div>
    <div class=""pairwise-progress"">
      <div class=""pairwise-progress-bar"">
        <div class=""pairwise-progress-caption"">Your progress</div>
        <div class=""pairwise-progress-segments""><div class=""pairwise-progress-segment""><div class=""pairwise-progress-segment-fill"" style=""width: 100%""></div></div><div class=""pairwise-progress-segment""><div class=""pairwise-progress-segment-fill"" style=""width: 100%""></div></div><div class=""pairwise-progress-segment""><div class=""pairwise-progress-segment-fill"" style=""width: 77%""></div></div><div class=""pairwise-progress-segment""><div class=""pairwise-progress-segment-fill"" style=""width: 0%""></div></div></div>
      </div>
      <div class=""pairwise-progress-part-label"">Part 3 of 4</div>
    </div>","1","","pairwise","mouse","","","","","","","","","","","","","","","","","","","","","","","","","","","","","","","73","5b","Overeating","6a","Feeling bad about yourself or that you are a failure","567695","1459","right","6a","Feeling bad about yourself or that you are a failure","false","",""
"html-keyboard-response","176","2.1.0","568636","l1stv4eg","9a2xyneg","603e1fe6849f5c63a9997cf5","6abccec7e23d98550c18ccbb","session_2","1920","1080","2026-10-01T08:21:35.269Z","0","ok","null","<div class=""pairwise-prompt"">Which of these two problems has been bothering you more during the last two weeks?</div><div class=""pairwise-iti-fixation"">+</div>
    <div class=""pairwise-progress"">
      <div class=""pairwise-progress-bar"">
        <div class=""pairwise-progress-caption"">Your progress</div>
        <div class=""pairwise-progress-segments""><div class=""pairwise-progress-segment""><div class=""pairwise-progress-segment-fill"" style=""width: 100%""></div></div><div class=""pairwise-progress-segment""><div class=""pairwise-progress-segment-fill"" style=""width: 100%""></div></div><div class=""pairwise-progress-segment""><div class=""pairwise-progress-segment-fill"" style=""width: 81%""></div></div><div class=""pairwise-progress-segment""><div class=""pairwise-progress-segment-fill"" style=""width: 0%""></div></div></div>
      </div>
      <div class=""pairwise-progress-part-label"">Part 3 of 4</div>
    </div>","null","","iti","","","","","","","","","","","","","","","","","","","","","","","","","","","","","","","pairwise","74","","","","","","","","","","","",""
"html-button-response","177","2.1.0","571318","l1stv4eg","9a2xyneg","603e1fe6849f5c63a9997cf5","6abccec7e23d98550c18ccbb","session_2","1920","1080","2026-10-01T08:21:37.951Z","0","ok","2680","
      <div class=""pairwise-prompt"">Which of these two problems has been bothering you more during the last two weeks?</div>
    <div class=""pairwise-progress"">
      <div class=""pairwise-progress-bar"">
        <div class=""pairwise-progress-caption"">Your progress</div>
        <div class=""pairwise-progress-segments""><div class=""pairwise-progress-segment""><div class=""pairwise-progress-segment-fill"" style=""width: 100%""></div></div><div class=""pairwise-progress-segment""><div class=""pairwise-progress-segment-fill"" style=""width: 100%""></div></div><div class=""pairwise-progress-segment""><div class=""pairwise-progress-segment-fill"" style=""width: 81%""></div></div><div class=""pairwise-progress-segment""><div class=""pairwise-progress-segment-fill"" style=""width: 0%""></div></div></div>
      </div>
      <div class=""pairwise-progress-part-label"">Part 3 of 4</div>
    </div>","0","","pairwise","mouse","","","","","","","","","","","","","","","","","","","","","","","","","","","","","","","74","7","Trouble concentrating","3a","Trouble falling or staying asleep","571158","2680","left","7","Trouble concentrating","false","",""
"html-keyboard-response","178","2.1.0","573330","l1stv4eg","9a2xyneg","603e1fe6849f5c63a9997cf5","6abccec7e23d98550c18ccbb","session_2","1920","1080","2026-10-01T08:21:39.963Z","0","ok","null","<div class=""pairwise-prompt"">Which of these two problems has been bothering you more during the last two weeks?</div><div class=""pairwise-iti-fixation"">+</div>
    <div class=""pairwise-progress"">
      <div class=""pairwise-progress-bar"">
        <div class=""pairwise-progress-caption"">Your progress</div>
        <div class=""pairwise-progress-segments""><div class=""pairwise-progress-segment""><div class=""pairwise-progress-segment-fill"" style=""width: 100%""></div></div><div class=""pairwise-progress-segment""><div class=""pairwise-progress-segment-fill"" style=""width: 100%""></div></div><div class=""pairwise-progress-segment""><div class=""pairwise-progress-segment-fill"" style=""width: 85%""></div></div><div class=""pairwise-progress-segment""><div class=""pairwise-progress-segment-fill"" style=""width: 0%""></div></div></div>
      </div>
      <div class=""pairwise-progress-part-label"">Part 3 of 4</div>
    </div>","null","","iti","","","","","","","","","","","","","","","","","","","","","","","","","","","","","","","pairwise","75","","","","","","","","","","","",""
"html-button-response","179","2.1.0","575460","l1stv4eg","9a2xyneg","603e1fe6849f5c63a9997cf5","6abccec7e23d98550c18ccbb","session_2","1920","1080","2026-10-01T08:21:42.093Z","0","ok","2128","
      <div class=""pairwise-prompt"">Which of these two problems has been bothering you more during the last two weeks?</div>
    <div class=""pairwise-progress"">
      <div class=""pairwise-progress-bar"">
        <div class=""pairwise-progress-caption"">Your progress</div>
        <div class=""pairwise-progress-segments""><div class=""pairwise-progress-segment""><div class=""pairwise-progress-segment-fill"" style=""width: 100%""></div></div><div class=""pairwise-progress-segment""><div class=""pairwise-progress-segment-fill"" style=""width: 100%""></div></div><div class=""pairwise-progress-segment""><div class=""pairwise-progress-segment-fill"" style=""width: 85%""></div></div><div class=""pairwise-progress-segment""><div class=""pairwise-progress-segment-fill"" style=""width: 0%""></div></div></div>
      </div>
      <div class=""pairwise-progress-part-label"">Part 3 of 4</div>
    </div>","2","","pairwise","mouse","","","","","","","","","","","","","","","","","","","","","","","","","","","","","","","75","8b","Being so fidgety or restless that you have been moving around a lot more than usual","8a","Moving or speaking slowly that other people could have noticed","575852","2128","skip","","","true","",""
"html-keyboard-response","180","2.1.0","577471","l1stv4eg","9a2xyneg","603e1fe6849f5c63a9997cf5","6abccec7e23d98550c18ccbb","session_2","1920","1080","2026-10-01T08:21:44.104Z","0","ok","null","<div class=""pairwise-prompt"">Which of these two problems has been bothering you more during the last two weeks?</div><div class=""pairwise-iti-fixation"">+</div>
    <div class=""pairwise-progress"">
      <div class=""pairwise-progress-bar"">
        <div class=""pairwise-progress-caption"">Your progress</div>
        <div class=""pairwise-progress-segments""><div class=""pairwise-progress-segment""><div class=""pairwise-progress-segment-fill"" style=""width: 100%""></div></div><div class=""pairwise-progress-segment""><div class=""pairwise-progress-segment-fill"" style=""width: 100%""></div></div><div class=""pairwise-progress-segment""><div class=""pairwise-progress-segment-fill"" style=""width: 88%""></div></div><div class=""pairwise-progress-segment""><div class=""pairwise-progress-segment-fill"" style=""width: 0%""></div></div></div>
      </div>
      <div class=""pairwise-progress-part-label"">Part 3 of 4</div>
    </div>","null","","iti","","","","","","","","","","","","","","","","","","","","","","","","","","","","","","","pairwise","76","","","","","","","","","","","",""
"html-button-response","181","2.1.0","578794","l1stv4eg","9a2xyneg","603e1fe6849f5c63a9997cf5","6abccec7e23d98550c18ccbb","session_2","1920","1080","2026-10-01T08:21:45.427Z","0","ok","1321","
      <div class=""pairwise-prompt"">Which of these two problems has been bothering you more during the last two weeks?</div>
    <div class=""pairwise-progress"">
      <div class=""pairwise-progress-bar"">
        <div class=""pairwise-progress-caption"">Your progress</div>
        <div class=""pairwise-progress-segments""><div class=""pairwise-progress-segment""><div class=""pairwise-progress-segment-fill"" style=""width: 100%""></div></div><div class=""pairwise-progress-segment""><div class=""pairwise-progress-segment-fill"" style=""width: 100%""></div></div><div class=""pairwise-progress-segment""><div class=""pairwise-progress-segment-fill"" style=""width: 88%""></div></div><div class=""pairwise-progress-segment""><div class=""pairwise-progress-segment-fill"" style=""width: 0%""></div></div></div>
      </div>
      <div class=""pairwise-progress-part-label"">Part 3 of 4</div>
    </div>","0","","pairwise","mouse","","","","","","","","","","","","","","","","","","","","","","","","","","","","","","","76","4","Feeling tired or having little energy","7","Trouble concentrating","579994","1321","left","4","Feeling tired or having little energy","false","",""
"html-keyboard-response","182","2.1.0","580795","l1stv4eg","9a2xyneg","603e1fe6849f5c63a9997cf5","6abccec7e23d98550c18ccbb","session_2","1920","1080","2026-10-01T08:21:47.428Z","0","ok","null","<div class=""pairwise-prompt"">Which of these two problems has been bothering you more during the last two weeks?</div><div class=""pairwise-iti-fixation"">+</div>
    <div class=""pairwise-progress"">
      <div class=""pairwise-progress-bar"">
        <div class=""pairwise-progress-caption"">Your progress</div>
        <div class=""pairwise-progress-segments""><div class=""pairwise-progress-segment""><div class=""pairwise-progress-segment-fill"" style=""width: 100%""></div></div><div class=""pairwise-progress-segment""><div class=""pairwise-progress-segment-fill"" style=""width: 100%""></div></div><div class=""pairwise-progress-segment""><div class=""pairwise-progress-segment-fill"" style=""width: 92%""></div></div><div class=""pairwise-progress-segment""><div class=""pairwise-progress-segment-fill"" style=""width: 0%""></div></div></div>
      </div>
      <div class=""pairwise-progress-part-label"">Part 3 of 4</div>
    </div>","null","","iti","","","","","","","","","","","","","","","","","","","","","","","","","","","","","","","pairwise","77","","","","","","","","","","","",""
"html-button-response","183","2.1.0","581900","l1stv4eg","9a2xyneg","603e1fe6849f5c63a9997cf5","6abccec7e23d98550c18ccbb","session_2","1920","1080","2026-10-01T08:21:48.533Z","0","ok","1104","
      <div class=""pairwise-prompt"">Which of these two problems has been bothering you more during the last two weeks?</div>
    <div class=""pairwise-progress"">
      <div class=""pairwise-progress-bar"">
        <div class=""pairwise-progress-caption"">Your progress</div>
        <div class=""pairwise-progress-segments""><div class=""pairwise-progress-segment""><div class=""pairwise-progress-segment-fill"" style=""width: 100%""></div></div><div class=""pairwise-progress-segment""><div class=""pairwise-progress-segment-fill"" style=""width: 100%""></div></div><div class=""pairwise-progress-segment""><div class=""pairwise-progress-segment-fill"" style=""width: 92%""></div></div><div class=""pairwise-progress-segment""><div class=""pairwise-progress-segment-fill"" style=""width: 0%""></div></div></div>
      </div>
      <div class=""pairwise-progress-part-label"">Part 3 of 4</div>
    </div>","1","","pairwise","mouse","","","","","","","","","","","","","","","","","","","","","","","","","","","","","","","77","3b","Sleeping too much","2b","Feeling hopeless","583317","1104","right","2b","Feeling hopeless","false","",""
"html-keyboard-response","184","2.1.0","583904","l1stv4eg","9a2xyneg","603e1fe6849f5c63a9997cf5","6abccec7e23d98550c18ccbb","session_2","1920","1080","2026-10-01T08:21:50.537Z","0","ok","null","<div class=""pairwise-prompt"">Which of these two problems has been bothering you more during the last two weeks?</div><div class=""pairwise-iti-fixation"">+</div>
    <div class=""pairwise-progress"">
      <div class=""pairwise-progress-bar"">
        <div class=""pairwise-progress-caption"">Your progress</div>
        <div class=""pairwise-progress-segments""><div class=""pairwise-progress-segment""><div class=""pairwise-progress-segment-fill"" style=""width: 100%""></div></div><div class=""pairwise-progress-segment""><div class=""pairwise-progress-segment-fill"" style=""width: 100%""></div></div><div class=""pairwise-progress-segment""><div class=""pairwise-progress-segment-fill"" style=""width: 96%""></div></div><div class=""pairwise-progress-segment""><div class=""pairwise-progress-segment-fill"" style=""width: 0%""></div></div></div>
      </div>
      <div class=""pairwise-progress-part-label"">Part 3 of 4</div>
    </div>","null","","iti","","","","","","","","","","","","","","","","","","","","","","","","","","","","","","","pairwise","78","","","","","","","","","","","",""
"html-button-response","185","2.1.0","584901","l1stv4eg","9a2xyneg","603e1fe6849f5c63a9997cf5","6abccec7e23d98550c18ccbb","session_2","1920","1080","2026-10-01T08:21:51.534Z","0","ok","996","
      <div class=""pairwise-prompt"">Which of these two problems has been bothering you more during the last two weeks?</div>
    <div class=""pairwise-progress"">
      <div class=""pairwise-progress-bar"">
        <div class=""pairwise-progress-caption"">Your progress</div>
        <div class=""pairwise-progress-segments""><div class=""pairwise-progress-segment""><div class=""pairwise-progress-segment-fill"" style=""width: 100%""></div></div><div class=""pairwise-progress-segment""><div class=""pairwise-progress-segment-fill"" style=""width: 100%""></div></div><div class=""pairwise-progress-segment""><div class=""pairwise-progress-segment-fill"" style=""width: 96%""></div></div><div class=""pairwise-progress-segment""><div class=""pairwise-progress-segment-fill"" style=""width: 0%""></div></div></div>
      </div>
      <div class=""pairwise-progress-part-label"">Part 3 of 4</div>
    </div>","1","","pairwise","mouse","","","","","","","","","","","","","","","","","","","","","","","","","","","","","","","78","5b","Overeating","2a","Feeling down or depressed","586426","996","right","2a","Feeling down or depressed","false","",""
"html-button-response","186","2.1.0","585693","l1stv4eg","9a2xyneg","603e1fe6849f5c63a9997cf5","6abccec7e23d98550c18ccbb","session_2","1920","1080","2026-10-01T08:21:52.326Z","0","ok","791","
        <div class=""instruction-card"">
          <div class=""instruction-card-heading"">
            <h1>Take a Break</h1>
            <span class=""instruction-card-accent""></span>
          </div>
          <div class=""instruction-card-body"">
            <p>You've completed Part 3 of 4! Just one part left. Feel free to take a break whenever you need.</p>
            <p>Click ""Continue"" when you're ready to proceed with the final part.</p>
          </div>
        </div>","0","","phase2_break","","","","","","","","","","","","","","","","","","","","","","","","","","","","","","","","","","","","","","","","","","","3",""
"html-keyboard-response","187","2.1.0","587698","l1stv4eg","9a2xyneg","603e1fe6849f5c63a9997cf5","6abccec7e23d98550c18ccbb","session_2","1920","1080","2026-10-01T08:21:54.331Z","0","ok","null","<div class=""pairwise-prompt"">Which of these two problems has been bothering you more during the last two weeks?</div><div class=""pairwise-iti-fixation"">+</div>
    <div class=""pairwise-progress"">
      <div class=""pairwise-progress-bar"">
        <div class=""pairwise-progress-caption"">Your progress</div>
        <div class=""pairwise-progress-segments""><div class=""pairwise-progress-segment""><div class=""pairwise-progress-segment-fill"" style=""width: 100%""></div></div><div class=""pairwise-progress-segment""><div class=""pairwise-progress-segment-fill"" style=""width: 100%""></div></div><div class=""pairwise-progress-segment""><div class=""pairwise-progress-segment-fill"" style=""width: 100%""></div></div><div class=""pairwise-progress-segment""><div class=""pairwise-progress-segment-fill"" style=""width: 0%""></div></div></div>
      </div>
      <div class=""pairwise-progress-part-label"">Part 4 of 4</div>
    </div>","null","","iti","","","","","","","","","","","","","","","","","","","","","","","","","","","","","","","pairwise","79","","","","","","","","","","","",""
"html-button-response","188","2.1.0","589238","l1stv4eg","9a2xyneg","603e1fe6849f5c63a9997cf5","6abccec7e23d98550c18ccbb","session_2","1920","1080","2026-10-01T08:21:55.871Z","0","ok","1538","
      <div class=""pairwise-prompt"">Which of these two problems has been bothering you more during the last two weeks?</div>
    <div class=""pairwise-progress"">
      <div class=""pairwise-progress-bar"">
        <div class=""pairwise-progress-caption"">Your progress</div>
        <div class=""pairwise-progress-segments""><div class=""pairwise-progress-segment""><div class=""pairwise-progress-segment-fill"" style=""width: 100%""></div></div><div class=""pairwise-progress-segment""><div class=""pairwise-progress-segment-fill"" style=""width: 100%""></div></div><div class=""pairwise-progress-segment""><div class=""pairwise-progress-segment-fill"" style=""width: 100%""></div></div><div class=""pairwise-progress-segment""><div class=""pairwise-progress-segment-fill"" style=""width: 0%""></div></div></div>
      </div>
      <div class=""pairwise-progress-part-label"">Part 4 of 4</div>
    </div>","0","","pairwise","mouse","","","","","","","","","","","","","","","","","","","","","","","","","","","","","","","79","6a","Feeling bad about yourself or that you are a failure","3a","Trouble falling or staying asleep","590220","1538","left","6a","Feeling bad about yourself or that you are a failure","false","",""
"html-keyboard-response","189","2.1.0","591250","l1stv4eg","9a2xyneg","603e1fe6849f5c63a9997cf5","6abccec7e23d98550c18ccbb","session_2","1920","1080","2026-10-01T08:21:57.883Z","0","ok","null","<div class=""pairwise-prompt"">Which of these two problems has been bothering you more during the last two weeks?</div><div class=""pairwise-iti-fixation"">+</div>
    <div class=""pairwise-progress"">
      <div class=""pairwise-progress-bar"">
        <div class=""pairwise-progress-caption"">Your progress</div>
        <div class=""pairwise-progress-segments""><div class=""pairwise-progress-segment""><div class=""pairwise-progress-segment-fill"" style=""width: 100%""></div></div><div class=""pairwise-progress-segment""><div class=""pairwise-progress-segment-fill"" style=""width: 100%""></div></div><div class=""pairwise-progress-segment""><div class=""pairwise-progress-segment-fill"" style=""width: 100%""></div></div><div class=""pairwise-progress-segment""><div class=""pairwise-progress-segment-fill"" style=""width: 4%""></div></div></div>
      </div>
      <div class=""pairwise-progress-part-label"">Part 4 of 4</div>
    </div>","null","","iti","","","","","","","","","","","","","","","","","","","","","","","","","","","","","","","pairwise","80","","","","","","","","","","","",""
"html-button-response","190","2.1.0","592422","l1stv4eg","9a2xyneg","603e1fe6849f5c63a9997cf5","6abccec7e23d98550c18ccbb","session_2","1920","1080","2026-10-01T08:21:59.055Z","0","ok","1170","
      <div class=""pairwise-prompt"">Which of these two problems has been bothering you more during the last two weeks?</div>
    <div class=""pairwise-progress"">
      <div class=""pairwise-progress-bar"">
        <div class=""pairwise-progress-caption"">Your progress</div>
        <div class=""pairwise-progress-segments""><div class=""pairwise-progress-segment""><div class=""pairwise-progress-segment-fill"" style=""width: 100%""></div></div><div class=""pairwise-progress-segment""><div class=""pairwise-progress-segment-fill"" style=""width: 100%""></div></div><div class=""pairwise-progress-segment""><div class=""pairwise-progress-segment-fill"" style=""width: 100%""></div></div><div class=""pairwise-progress-segment""><div class=""pairwise-progress-segment-fill"" style=""width: 4%""></div></div></div>
      </div>
      <div class=""pairwise-progress-part-label"">Part 4 of 4</div>
    </div>","0","","pairwise","mouse","","","","","","","","","","","","","","","","","","","","","","","","","","","","","","","80","6b","Feeling that you have let yourself or your family down","8b","Being so fidgety or restless that you have been moving around a lot more than usual","593772","1170","left","6b","Feeling that you have let yourself or your family down","false","",""
"html-keyboard-response","191","2.1.0","594429","l1stv4eg","9a2xyneg","603e1fe6849f5c63a9997cf5","6abccec7e23d98550c18ccbb","session_2","1920","1080","2026-10-01T08:22:01.062Z","0","ok","null","<div class=""pairwise-prompt"">Which of these two problems has been bothering you more during the last two weeks?</div><div class=""pairwise-iti-fixation"">+</div>
    <div class=""pairwise-progress"">
      <div class=""pairwise-progress-bar"">
        <div class=""pairwise-progress-caption"">Your progress</div>
        <div class=""pairwise-progress-segments""><div class=""pairwise-progress-segment""><div class=""pairwise-progress-segment-fill"" style=""width: 100%""></div></div><div class=""pairwise-progress-segment""><div class=""pairwise-progress-segment-fill"" style=""width: 100%""></div></div><div class=""pairwise-progress-segment""><div class=""pairwise-progress-segment-fill"" style=""width: 100%""></div></div><div class=""pairwise-progress-segment""><div class=""pairwise-progress-segment-fill"" style=""width: 7%""></div></div></div>
      </div>
      <div class=""pairwise-progress-part-label"">Part 4 of 4</div>
    </div>","null","","iti","","","","","","","","","","","","","","","","","","","","","","","","","","","","","","","pairwise","81","","","","","","","","","","","",""
"html-button-response","192","2.1.0","595465","l1stv4eg","9a2xyneg","603e1fe6849f5c63a9997cf5","6abccec7e23d98550c18ccbb","session_2","1920","1080","2026-10-01T08:22:02.098Z","0","ok","1034","
      <div class=""pairwise-prompt"">Which of these two problems has been bothering you more during the last two weeks?</div>
    <div class=""pairwise-progress"">
      <div class=""pairwise-progress-bar"">
        <div class=""pairwise-progress-caption"">Your progress</div>
        <div class=""pairwise-progress-segments""><div class=""pairwise-progress-segment""><div class=""pairwise-progress-segment-fill"" style=""width: 100%""></div></div><div class=""pairwise-progress-segment""><div class=""pairwise-progress-segment-fill"" style=""width: 100%""></div></div><div class=""pairwise-progress-segment""><div class=""pairwise-progress-segment-fill"" style=""width: 100%""></div></div><div class=""pairwise-progress-segment""><div class=""pairwise-progress-segment-fill"" style=""width: 7%""></div></div></div>
      </div>
      <div class=""pairwise-progress-part-label"">Part 4 of 4</div>
    </div>","1","","pairwise","mouse","","","","","","","","","","","","","","","","","","","","","","","","","","","","","","","81","3b","Sleeping too much","6a","Feeling bad about yourself or that you are a failure","596952","1034","right","6a","Feeling bad about yourself or that you are a failure","false","",""
"html-keyboard-response","193","2.1.0","597480","l1stv4eg","9a2xyneg","603e1fe6849f5c63a9997cf5","6abccec7e23d98550c18ccbb","session_2","1920","1080","2026-10-01T08:22:04.113Z","0","ok","null","<div class=""pairwise-prompt"">Which of these two problems has been bothering you more during the last two weeks?</div><div class=""pairwise-iti-fixation"">+</div>
    <div class=""pairwise-progress"">
      <div class=""pairwise-progress-bar"">
        <div class=""pairwise-progress-caption"">Your progress</div>
        <div class=""pairwise-progress-segments""><div class=""pairwise-progress-segment""><div class=""pairwise-progress-segment-fill"" style=""width: 100%""></div></div><div class=""pairwise-progress-segment""><div class=""pairwise-progress-segment-fill"" style=""width: 100%""></div></div><div class=""pairwise-progress-segment""><div class=""pairwise-progress-segment-fill"" style=""width: 100%""></div></div><div class=""pairwise-progress-segment""><div class=""pairwise-progress-segment-fill"" style=""width: 11%""></div></div></div>
      </div>
      <div class=""pairwise-progress-part-label"">Part 4 of 4</div>
    </div>","null","","iti","","","","","","","","","","","","","","","","","","","","","","","","","","","","","","","pairwise","82","","","","","","","","","","","",""
"html-button-response","194","2.1.0","599349","l1stv4eg","9a2xyneg","603e1fe6849f5c63a9997cf5","6abccec7e23d98550c18ccbb","session_2","1920","1080","2026-10-01T08:22:05.982Z","0","ok","1866","
      <div class=""pairwise-prompt"">Which of these two problems has been bothering you more during the last two weeks?</div>
    <div class=""pairwise-progress"">
      <div class=""pairwise-progress-bar"">
        <div class=""pairwise-progress-caption"">Your progress</div>
        <div class=""pairwise-progress-segments""><div class=""pairwise-progress-segment""><div class=""pairwise-progress-segment-fill"" style=""width: 100%""></div></div><div class=""pairwise-progress-segment""><div class=""pairwise-progress-segment-fill"" style=""width: 100%""></div></div><div class=""pairwise-progress-segment""><div class=""pairwise-progress-segment-fill"" style=""width: 100%""></div></div><div class=""pairwise-progress-segment""><div class=""pairwise-progress-segment-fill"" style=""width: 11%""></div></div></div>
      </div>
      <div class=""pairwise-progress-part-label"">Part 4 of 4</div>
    </div>","1","","pairwise","mouse","","","","","","","","","","","","","","","","","","","","","","","","","","","","","","","82","2b","Feeling hopeless","4","Feeling tired or having little energy","600004","1866","right","4","Feeling tired or having little energy","false","",""
"html-keyboard-response","195","2.1.0","601362","l1stv4eg","9a2xyneg","603e1fe6849f5c63a9997cf5","6abccec7e23d98550c18ccbb","session_2","1920","1080","2026-10-01T08:22:07.995Z","0","ok","null","<div class=""pairwise-prompt"">Which of these two problems has been bothering you more during the last two weeks?</div><div class=""pairwise-iti-fixation"">+</div>
    <div class=""pairwise-progress"">
      <div class=""pairwise-progress-bar"">
        <div class=""pairwise-progress-caption"">Your progress</div>
        <div class=""pairwise-progress-segments""><div class=""pairwise-progress-segment""><div class=""pairwise-progress-segment-fill"" style=""width: 100%""></div></div><div class=""pairwise-progress-segment""><div class=""pairwise-progress-segment-fill"" style=""width: 100%""></div></div><div class=""pairwise-progress-segment""><div class=""pairwise-progress-segment-fill"" style=""width: 100%""></div></div><div class=""pairwise-progress-segment""><div class=""pairwise-progress-segment-fill"" style=""width: 15%""></div></div></div>
      </div>
      <div class=""pairwise-progress-part-label"">Part 4 of 4</div>
    </div>","null","","iti","","","","","","","","","","","","","","","","","","","","","","","","","","","","","","","pairwise","83","","","","","","","","","","","",""
"html-button-response","196","2.1.0","604377","l1stv4eg","9a2xyneg","603e1fe6849f5c63a9997cf5","6abccec7e23d98550c18ccbb","session_2","1920","1080","2026-10-01T08:22:11.011Z","0","ok","3014","
      <div class=""pairwise-prompt"">Which of these two problems has been bothering you more during the last two weeks?</div>
    <div class=""pairwise-progress"">
      <div class=""pairwise-progress-bar"">
        <div class=""pairwise-progress-caption"">Your progress</div>
        <div class=""pairwise-progress-segments""><div class=""pairwise-progress-segment""><div class=""pairwise-progress-segment-fill"" style=""width: 100%""></div></div><div class=""pairwise-progress-segment""><div class=""pairwise-progress-segment-fill"" style=""width: 100%""></div></div><div class=""pairwise-progress-segment""><div class=""pairwise-progress-segment-fill"" style=""width: 100%""></div></div><div class=""pairwise-progress-segment""><div class=""pairwise-progress-segment-fill"" style=""width: 15%""></div></div></div>
      </div>
      <div class=""pairwise-progress-part-label"">Part 4 of 4</div>
    </div>","0","","pairwise","mouse","","","","","","","","","","","","","","","","","","","","","","","","","","","","","","","83","2a","Feeling down or depressed","4","Feeling tired or having little energy","603884","3014","left","2a","Feeling down or depressed","false","",""
"html-keyboard-response","197","2.1.0","606386","l1stv4eg","9a2xyneg","603e1fe6849f5c63a9997cf5","6abccec7e23d98550c18ccbb","session_2","1920","1080","2026-10-01T08:22:13.019Z","0","ok","null","<div class=""pairwise-prompt"">Which of these two problems has been bothering you more during the last two weeks?</div><div class=""pairwise-iti-fixation"">+</div>
    <div class=""pairwise-progress"">
      <div class=""pairwise-progress-bar"">
        <div class=""pairwise-progress-caption"">Your progress</div>
        <div class=""pairwise-progress-segments""><div class=""pairwise-progress-segment""><div class=""pairwise-progress-segment-fill"" style=""width: 100%""></div></div><div class=""pairwise-progress-segment""><div class=""pairwise-progress-segment-fill"" style=""width: 100%""></div></div><div class=""pairwise-progress-segment""><div class=""pairwise-progress-segment-fill"" style=""width: 100%""></div></div><div class=""pairwise-progress-segment""><div class=""pairwise-progress-segment-fill"" style=""width: 19%""></div></div></div>
      </div>
      <div class=""pairwise-progress-part-label"">Part 4 of 4</div>
    </div>","null","","iti","","","","","","","","","","","","","","","","","","","","","","","","","","","","","","","pairwise","84","","","","","","","","","","","",""
"html-button-response","198","2.1.0","608045","l1stv4eg","9a2xyneg","603e1fe6849f5c63a9997cf5","6abccec7e23d98550c18ccbb","session_2","1920","1080","2026-10-01T08:22:14.678Z","0","ok","1658","
      <div class=""pairwise-prompt"">Which of these two problems has been bothering you more during the last two weeks?</div>
    <div class=""pairwise-progress"">
      <div class=""pairwise-progress-bar"">
        <div class=""pairwise-progress-caption"">Your progress</div>
        <div class=""pairwise-progress-segments""><div class=""pairwise-progress-segment""><div class=""pairwise-progress-segment-fill"" style=""width: 100%""></div></div><div class=""pairwise-progress-segment""><div class=""pairwise-progress-segment-fill"" style=""width: 100%""></div></div><div class=""pairwise-progress-segment""><div class=""pairwise-progress-segment-fill"" style=""width: 100%""></div></div><div class=""pairwise-progress-segment""><div class=""pairwise-progress-segment-fill"" style=""width: 19%""></div></div></div>
      </div>
      <div class=""pairwise-progress-part-label"">Part 4 of 4</div>
    </div>","1","","pairwise","mouse","","","","","","","","","","","","","","","","","","","","","","","","","","","","","","","84","6a","Feeling bad about yourself or that you are a failure","6b","Feeling that you have let yourself or your family down","608908","1658","right","6b","Feeling that you have let yourself or your family down","false","",""
"html-keyboard-response","199","2.1.0","610052","l1stv4eg","9a2xyneg","603e1fe6849f5c63a9997cf5","6abccec7e23d98550c18ccbb","session_2","1920","1080","2026-10-01T08:22:16.685Z","0","ok","null","<div class=""pairwise-prompt"">Which of these two problems has been bothering you more during the last two weeks?</div><div class=""pairwise-iti-fixation"">+</div>
    <div class=""pairwise-progress"">
      <div class=""pairwise-progress-bar"">
        <div class=""pairwise-progress-caption"">Your progress</div>
        <div class=""pairwise-progress-segments""><div class=""pairwise-progress-segment""><div class=""pairwise-progress-segment-fill"" style=""width: 100%""></div></div><div class=""pairwise-progress-segment""><div class=""pairwise-progress-segment-fill"" style=""width: 100%""></div></div><div class=""pairwise-progress-segment""><div class=""pairwise-progress-segment-fill"" style=""width: 100%""></div></div><div class=""pairwise-progress-segment""><div class=""pairwise-progress-segment-fill"" style=""width: 22%""></div></div></div>
      </div>
      <div class=""pairwise-progress-part-label"">Part 4 of 4</div>
    </div>","null","","iti","","","","","","","","","","","","","","","","","","","","","","","","","","","","","","","pairwise","85","","","","","","","","","","","",""
"html-button-response","200","2.1.0","611090","l1stv4eg","9a2xyneg","603e1fe6849f5c63a9997cf5","6abccec7e23d98550c18ccbb","session_2","1920","1080","2026-10-01T08:22:17.724Z","0","ok","1038","
      <div class=""pairwise-prompt"">Which of these two problems has been bothering you more during the last two weeks?</div>
    <div class=""pairwise-progress"">
      <div class=""pairwise-progress-bar"">
        <div class=""pairwise-progress-caption"">Your progress</div>
        <div class=""pairwise-progress-segments""><div class=""pairwise-progress-segment""><div class=""pairwise-progress-segment-fill"" style=""width: 100%""></div></div><div class=""pairwise-progress-segment""><div class=""pairwise-progress-segment-fill"" style=""width: 100%""></div></div><div class=""pairwise-progress-segment""><div class=""pairwise-progress-segment-fill"" style=""width: 100%""></div></div><div class=""pairwise-progress-segment""><div class=""pairwise-progress-segment-fill"" style=""width: 22%""></div></div></div>
      </div>
      <div class=""pairwise-progress-part-label"">Part 4 of 4</div>
    </div>","1","","pairwise","mouse","","","","","","","","","","","","","","","","","","","","","","","","","","","","","","","85","3b","Sleeping too much","2a","Feeling down or depressed","612574","1038","right","2a","Feeling down or depressed","false","",""
"html-keyboard-response","201","2.1.0","613104","l1stv4eg","9a2xyneg","603e1fe6849f5c63a9997cf5","6abccec7e23d98550c18ccbb","session_2","1920","1080","2026-10-01T08:22:19.737Z","0","ok","null","<div class=""pairwise-prompt"">Which of these two problems has been bothering you more during the last two weeks?</div><div class=""pairwise-iti-fixation"">+</div>
    <div class=""pairwise-progress"">
      <div class=""pairwise-progress-bar"">
        <div class=""pairwise-progress-caption"">Your progress</div>
        <div class=""pairwise-progress-segments""><div class=""pairwise-progress-segment""><div class=""pairwise-progress-segment-fill"" style=""width: 100%""></div></div><div class=""pairwise-progress-segment""><div class=""pairwise-progress-segment-fill"" style=""width: 100%""></div></div><div class=""pairwise-progress-segment""><div class=""pairwise-progress-segment-fill"" style=""width: 100%""></div></div><div class=""pairwise-progress-segment""><div class=""pairwise-progress-segment-fill"" style=""width: 26%""></div></div></div>
      </div>
      <div class=""pairwise-progress-part-label"">Part 4 of 4</div>
    </div>","null","","iti","","","","","","","","","","","","","","","","","","","","","","","","","","","","","","","pairwise","86","","","","","","","","","","","",""
"html-button-response","202","2.1.0","616977","l1stv4eg","9a2xyneg","603e1fe6849f5c63a9997cf5","6abccec7e23d98550c18ccbb","session_2","1920","1080","2026-10-01T08:22:23.610Z","0","ok","3873","
      <div class=""pairwise-prompt"">Which of these two problems has been bothering you more during the last two weeks?</div>
    <div class=""pairwise-progress"">
      <div class=""pairwise-progress-bar"">
        <div class=""pairwise-progress-caption"">Your progress</div>
        <div class=""pairwise-progress-segments""><div class=""pairwise-progress-segment""><div class=""pairwise-progress-segment-fill"" style=""width: 100%""></div></div><div class=""pairwise-progress-segment""><div class=""pairwise-progress-segment-fill"" style=""width: 100%""></div></div><div class=""pairwise-progress-segment""><div class=""pairwise-progress-segment-fill"" style=""width: 100%""></div></div><div class=""pairwise-progress-segment""><div class=""pairwise-progress-segment-fill"" style=""width: 26%""></div></div></div>
      </div>
      <div class=""pairwise-progress-part-label"">Part 4 of 4</div>
    </div>","2","","pairwise","mouse","","","","","","","","","","","","","","","","","","","","","","","","","","","","","","","86","9a","Thoughts that you would be better off dead","3a","Trouble falling or staying asleep","615627","3873","skip","","","true","",""
"html-keyboard-response","203","2.1.0","618985","l1stv4eg","9a2xyneg","603e1fe6849f5c63a9997cf5","6abccec7e23d98550c18ccbb","session_2","1920","1080","2026-10-01T08:22:25.618Z","0","ok","null","<div class=""pairwise-prompt"">Which of these two problems has been bothering you more during the last two weeks?</div><div class=""pairwise-iti-fixation"">+</div>
    <div class=""pairwise-progress"">
      <div class=""pairwise-progress-bar"">
        <div class=""pairwise-progress-caption"">Your progress</div>
        <div class=""pairwise-progress-segments""><div class=""pairwise-progress-segment""><div class=""pairwise-progress-segment-fill"" style=""width: 100%""></div></div><div class=""pairwise-progress-segment""><div class=""pairwise-progress-segment-fill"" style=""width: 100%""></div></div><div class=""pairwise-progress-segment""><div class=""pairwise-progress-segment-fill"" style=""width: 100%""></div></div><div class=""pairwise-progress-segment""><div class=""pairwise-progress-segment-fill"" style=""width: 30%""></div></div></div>
      </div>
      <div class=""pairwise-progress-part-label"">Part 4 of 4</div>
    </div>","null","","iti","","","","","","","","","","","","","","","","","","","","","","","","","","","","","","","pairwise","87","","","","","","","","","","","",""
"html-button-response","204","2.1.0","622854","l1stv4eg","9a2xyneg","603e1fe6849f5c63a9997cf5","6abccec7e23d98550c18ccbb","session_2","1920","1080","2026-10-01T08:22:29.487Z","0","ok","3867","
      <div class=""pairwise-prompt"">Which of these two problems has been bothering you more during the last two weeks?</div>
    <div class=""pairwise-progress"">
      <div class=""pairwise-progress-bar"">
        <div class=""pairwise-progress-caption"">Your progress</div>
        <div class=""pairwise-progress-segments""><div class=""pairwise-progress-segment""><div class=""pairwise-progress-segment-fill"" style=""width: 100%""></div></div><div class=""pairwise-progress-segment""><div class=""pairwise-progress-segment-fill"" style=""width: 100%""></div></div><div class=""pairwise-progress-segment""><div class=""pairwise-progress-segment-fill"" style=""width: 100%""></div></div><div class=""pairwise-progress-segment""><div class=""pairwise-progress-segment-fill"" style=""width: 30%""></div></div></div>
      </div>
      <div class=""pairwise-progress-part-label"">Part 4 of 4</div>
    </div>","2","","pairwise","mouse","","","","","","","","","","","","","","","","","","","","","","","","","","","","","","","87","3a","Trouble falling or staying asleep","9b","Thoughts of hurting yourself in some way","621509","3867","skip","","","true","",""
"html-keyboard-response","205","2.1.0","624856","l1stv4eg","9a2xyneg","603e1fe6849f5c63a9997cf5","6abccec7e23d98550c18ccbb","session_2","1920","1080","2026-10-01T08:22:31.489Z","0","ok","null","<div class=""pairwise-prompt"">Which of these two problems has been bothering you more during the last two weeks?</div><div class=""pairwise-iti-fixation"">+</div>
    <div class=""pairwise-progress"">
      <div class=""pairwise-progress-bar"">
        <div class=""pairwise-progress-caption"">Your progress</div>
        <div class=""pairwise-progress-segments""><div class=""pairwise-progress-segment""><div class=""pairwise-progress-segment-fill"" style=""width: 100%""></div></div><div class=""pairwise-progress-segment""><div class=""pairwise-progress-segment-fill"" style=""width: 100%""></div></div><div class=""pairwise-progress-segment""><div class=""pairwise-progress-segment-fill"" style=""width: 100%""></div></div><div class=""pairwise-progress-segment""><div class=""pairwise-progress-segment-fill"" style=""width: 33%""></div></div></div>
      </div>
      <div class=""pairwise-progress-part-label"">Part 4 of 4</div>
    </div>","null","","iti","","","","","","","","","","","","","","","","","","","","","","","","","","","","","","","pairwise","88","","","","","","","","","","","",""
"html-button-response","206","2.1.0","626487","l1stv4eg","9a2xyneg","603e1fe6849f5c63a9997cf5","6abccec7e23d98550c18ccbb","session_2","1920","1080","2026-10-01T08:22:33.120Z","0","ok","1629","
      <div class=""pairwise-prompt"">Which of these two problems has been bothering you more during the last two weeks?</div>
    <div class=""pairwise-progress"">
      <div class=""pairwise-progress-bar"">
        <div class=""pairwise-progress-caption"">Your progress</div>
        <div class=""pairwise-progress-segments""><div class=""pairwise-progress-segment""><div class=""pairwise-progress-segment-fill"" style=""width: 100%""></div></div><div class=""pairwise-progress-segment""><div class=""pairwise-progress-segment-fill"" style=""width: 100%""></div></div><div class=""pairwise-progress-segment""><div class=""pairwise-progress-segment-fill"" style=""width: 100%""></div></div><div class=""pairwise-progress-segment""><div class=""pairwise-progress-segment-fill"" style=""width: 33%""></div></div></div>
      </div>
      <div class=""pairwise-progress-part-label"">Part 4 of 4</div>
    </div>","1","","pairwise","mouse","","","","","","","","","","","","","","","","","","","","","","","","","","","","","","","88","8b","Being so fidgety or restless that you have been moving around a lot more than usual","2a","Feeling down or depressed","627381","1629","right","2a","Feeling down or depressed","false","",""
"html-keyboard-response","207","2.1.0","628491","l1stv4eg","9a2xyneg","603e1fe6849f5c63a9997cf5","6abccec7e23d98550c18ccbb","session_2","1920","1080","2026-10-01T08:22:35.124Z","0","ok","null","<div class=""pairwise-prompt"">Which of these two problems has been bothering you more during the last two weeks?</div><div class=""pairwise-iti-fixation"">+</div>
    <div class=""pairwise-progress"">
      <div class=""pairwise-progress-bar"">
        <div class=""pairwise-progress-caption"">Your progress</div>
        <div class=""pairwise-progress-segments""><div class=""pairwise-progress-segment""><div class=""pairwise-progress-segment-fill"" style=""width: 100%""></div></div><div class=""pairwise-progress-segment""><div class=""pairwise-progress-segment-fill"" style=""width: 100%""></div></div><div class=""pairwise-progress-segment""><div class=""pairwise-progress-segment-fill"" style=""width: 100%""></div></div><div class=""pairwise-progress-segment""><div class=""pairwise-progress-segment-fill"" style=""width: 37%""></div></div></div>
      </div>
      <div class=""pairwise-progress-part-label"">Part 4 of 4</div>
    </div>","null","","iti","","","","","","","","","","","","","","","","","","","","","","","","","","","","","","","pairwise","89","","","","","","","","","","","",""
"html-button-response","208","2.1.0","630444","l1stv4eg","9a2xyneg","603e1fe6849f5c63a9997cf5","6abccec7e23d98550c18ccbb","session_2","1920","1080","2026-10-01T08:22:37.077Z","0","ok","1951","
      <div class=""pairwise-prompt"">Which of these two problems has been bothering you more during the last two weeks?</div>
    <div class=""pairwise-progress"">
      <div class=""pairwise-progress-bar"">
        <div class=""pairwise-progress-caption"">Your progress</div>
        <div class=""pairwise-progress-segments""><div class=""pairwise-progress-segment""><div class=""pairwise-progress-segment-fill"" style=""width: 100%""></div></div><div class=""pairwise-progress-segment""><div class=""pairwise-progress-segment-fill"" style=""width: 100%""></div></div><div class=""pairwise-progress-segment""><div class=""pairwise-progress-segment-fill"" style=""width: 100%""></div></div><div class=""pairwise-progress-segment""><div class=""pairwise-progress-segment-fill"" style=""width: 37%""></div></div></div>
      </div>
      <div class=""pairwise-progress-part-label"">Part 4 of 4</div>
    </div>","0","","pairwise","mouse","","","","","","","","","","","","","","","","","","","","","","","","","","","","","","","89","7","Trouble concentrating","8b","Being so fidgety or restless that you have been moving around a lot more than usual","631016","1951","left","7","Trouble concentrating","false","",""
"html-keyboard-response","209","2.1.0","632452","l1stv4eg","9a2xyneg","603e1fe6849f5c63a9997cf5","6abccec7e23d98550c18ccbb","session_2","1920","1080","2026-10-01T08:22:39.085Z","0","ok","null","<div class=""pairwise-prompt"">Which of these two problems has been bothering you more during the last two weeks?</div><div class=""pairwise-iti-fixation"">+</div>
    <div class=""pairwise-progress"">
      <div class=""pairwise-progress-bar"">
        <div class=""pairwise-progress-caption"">Your progress</div>
        <div class=""pairwise-progress-segments""><div class=""pairwise-progress-segment""><div class=""pairwise-progress-segment-fill"" style=""width: 100%""></div></div><div class=""pairwise-progress-segment""><div class=""pairwise-progress-segment-fill"" style=""width: 100%""></div></div><div class=""pairwise-progress-segment""><div class=""pairwise-progress-segment-fill"" style=""width: 100%""></div></div><div class=""pairwise-progress-segment""><div class=""pairwise-progress-segment-fill"" style=""width: 41%""></div></div></div>
      </div>
      <div class=""pairwise-progress-part-label"">Part 4 of 4</div>
    </div>","null","","iti","","","","","","","","","","","","","","","","","","","","","","","","","","","","","","","pairwise","90","","","","","","","","","","","",""
"html-button-response","210","2.1.0","634569","l1stv4eg","9a2xyneg","603e1fe6849f5c63a9997cf5","6abccec7e23d98550c18ccbb","session_2","1920","1080","2026-10-01T08:22:41.203Z","0","ok","2116","
      <div class=""pairwise-prompt"">Which of these two problems has been bothering you more during the last two weeks?</div>
    <div class=""pairwise-progress"">
      <div class=""pairwise-progress-bar"">
        <div class=""pairwise-progress-caption"">Your progress</div>
        <div class=""pairwise-progress-segments""><div class=""pairwise-progress-segment""><div class=""pairwise-progress-segment-fill"" style=""width: 100%""></div></div><div class=""pairwise-progress-segment""><div class=""pairwise-progress-segment-fill"" style=""width: 100%""></div></div><div class=""pairwise-progress-segment""><div class=""pairwise-progress-segment-fill"" style=""width: 100%""></div></div><div class=""pairwise-progress-segment""><div class=""pairwise-progress-segment-fill"" style=""width: 41%""></div></div></div>
      </div>
      <div class=""pairwise-progress-part-label"">Part 4 of 4</div>
    </div>","1","","pairwise","mouse","","","","","","","","","","","","","","","","","","","","","","","","","","","","","","","90","8a","Moving or speaking slowly that other people could have noticed","6a","Feeling bad about yourself or that you are a failure","634976","2116","right","6a","Feeling bad about yourself or that you are a failure","false","",""
"html-keyboard-response","211","2.1.0","636584","l1stv4eg","9a2xyneg","603e1fe6849f5c63a9997cf5","6abccec7e23d98550c18ccbb","session_2","1920","1080","2026-10-01T08:22:43.217Z","0","ok","null","<div class=""pairwise-prompt"">Which of these two problems has been bothering you more during the last two weeks?</div><div class=""pairwise-iti-fixation"">+</div>
    <div class=""pairwise-progress"">
      <div class=""pairwise-progress-bar"">
        <div class=""pairwise-progress-caption"">Your progress</div>
        <div class=""pairwise-progress-segments""><div class=""pairwise-progress-segment""><div class=""pairwise-progress-segment-fill"" style=""width: 100%""></div></div><div class=""pairwise-progress-segment""><div class=""pairwise-progress-segment-fill"" style=""width: 100%""></div></div><div class=""pairwise-progress-segment""><div class=""pairwise-progress-segment-fill"" style=""width: 100%""></div></div><div class=""pairwise-progress-segment""><div class=""pairwise-progress-segment-fill"" style=""width: 44%""></div></div></div>
      </div>
      <div class=""pairwise-progress-part-label"">Part 4 of 4</div>
    </div>","null","","iti","","","","","","","","","","","","","","","","","","","","","","","","","","","","","","","pairwise","91","","","","","","","","","","","",""
"html-button-response","212","2.1.0","639099","l1stv4eg","9a2xyneg","603e1fe6849f5c63a9997cf5","6abccec7e23d98550c18ccbb","session_2","1920","1080","2026-10-01T08:22:45.732Z","0","ok","2514","
      <div class=""pairwise-prompt"">Which of these two problems has been bothering you more during the last two weeks?</div>
    <div class=""pairwise-progress"">
      <div class=""pairwise-progress-bar"">
        <div class=""pairwise-progress-caption"">Your progress</div>
        <div class=""pairwise-progress-segments""><div class=""pairwise-progress-segment""><div class=""pairwise-progress-segment-fill"" style=""width: 100%""></div></div><div class=""pairwise-progress-segment""><div class=""pairwise-progress-segment-fill"" style=""width: 100%""></div></div><div class=""pairwise-progress-segment""><div class=""pairwise-progress-segment-fill"" style=""width: 100%""></div></div><div class=""pairwise-progress-segment""><div class=""pairwise-progress-segment-fill"" style=""width: 44%""></div></div></div>
      </div>
      <div class=""pairwise-progress-part-label"">Part 4 of 4</div>
    </div>","1","","pairwise","mouse","","","","","","","","","","","","","","","","","","","","","","","","","","","","","","","91","9a","Thoughts that you would be better off dead","6a","Feeling bad about yourself or that you are a failure","639108","2514","right","6a","Feeling bad about yourself or that you are a failure","false","",""
"html-keyboard-response","213","2.1.0","641102","l1stv4eg","9a2xyneg","603e1fe6849f5c63a9997cf5","6abccec7e23d98550c18ccbb","session_2","1920","1080","2026-10-01T08:22:47.735Z","0","ok","null","<div class=""pairwise-prompt"">Which of these two problems has been bothering you more during the last two weeks?</div><div class=""pairwise-iti-fixation"">+</div>
    <div class=""pairwise-progress"">
      <div class=""pairwise-progress-bar"">
        <div class=""pairwise-progress-caption"">Your progress</div>
        <div class=""pairwise-progress-segments""><div class=""pairwise-progress-segment""><div class=""pairwise-progress-segment-fill"" style=""width: 100%""></div></div><div class=""pairwise-progress-segment""><div class=""pairwise-progress-segment-fill"" style=""width: 100%""></div></div><div class=""pairwise-progress-segment""><div class=""pairwise-progress-segment-fill"" style=""width: 100%""></div></div><div class=""pairwise-progress-segment""><div class=""pairwise-progress-segment-fill"" style=""width: 48%""></div></div></div>
      </div>
      <div class=""pairwise-progress-part-label"">Part 4 of 4</div>
    </div>","null","","iti","","","","","","","","","","","","","","","","","","","","","","","","","","","","","","","pairwise","92","","","","","","","","","","","",""
"html-button-response","214","2.1.0","642307","l1stv4eg","9a2xyneg","603e1fe6849f5c63a9997cf5","6abccec7e23d98550c18ccbb","session_2","1920","1080","2026-10-01T08:22:48.940Z","0","ok","1204","
      <div class=""pairwise-prompt"">Which of these two problems has been bothering you more during the last two weeks?</div>
    <div class=""pairwise-progress"">
      <div class=""pairwise-progress-bar"">
        <div class=""pairwise-progress-caption"">Your progress</div>
        <div class=""pairwise-progress-segments""><div class=""pairwise-progress-segment""><div class=""pairwise-progress-segment-fill"" style=""width: 100%""></div></div><div class=""pairwise-progress-segment""><div class=""pairwise-progress-segment-fill"" style=""width: 100%""></div></div><div class=""pairwise-progress-segment""><div class=""pairwise-progress-segment-fill"" style=""width: 100%""></div></div><div class=""pairwise-progress-segment""><div class=""pairwise-progress-segment-fill"" style=""width: 48%""></div></div></div>
      </div>
      <div class=""pairwise-progress-part-label"">Part 4 of 4</div>
    </div>","1","","pairwise","mouse","","","","","","","","","","","","","","","","","","","","","","","","","","","","","","","92","3a","Trouble falling or staying asleep","4","Feeling tired or having little energy","643626","1204","right","4","Feeling tired or having little energy","false","",""
"html-keyboard-response","215","2.1.0","644316","l1stv4eg","9a2xyneg","603e1fe6849f5c63a9997cf5","6abccec7e23d98550c18ccbb","session_2","1920","1080","2026-10-01T08:22:50.949Z","0","ok","null","<div class=""pairwise-prompt"">Which of these two problems has been bothering you more during the last two weeks?</div><div class=""pairwise-iti-fixation"">+</div>
    <div class=""pairwise-progress"">
      <div class=""pairwise-progress-bar"">
        <div class=""pairwise-progress-caption"">Your progress</div>
        <div class=""pairwise-progress-segments""><div class=""pairwise-progress-segment""><div class=""pairwise-progress-segment-fill"" style=""width: 100%""></div></div><div class=""pairwise-progress-segment""><div class=""pairwise-progress-segment-fill"" style=""width: 100%""></div></div><div class=""pairwise-progress-segment""><div class=""pairwise-progress-segment-fill"" style=""width: 100%""></div></div><div class=""pairwise-progress-segment""><div class=""pairwise-progress-segment-fill"" style=""width: 52%""></div></div></div>
      </div>
      <div class=""pairwise-progress-part-label"">Part 4 of 4</div>
    </div>","null","","iti","","","","","","","","","","","","","","","","","","","","","","","","","","","","","","","pairwise","93","","","","","","","","","","","",""
"html-button-response","216","2.1.0","646493","l1stv4eg","9a2xyneg","603e1fe6849f5c63a9997cf5","6abccec7e23d98550c18ccbb","session_2","1920","1080","2026-10-01T08:22:53.126Z","0","ok","2175","
      <div class=""pairwise-prompt"">Which of these two problems has been bothering you more during the last two weeks?</div>
    <div class=""pairwise-progress"">
      <div class=""pairwise-progress-bar"">
        <div class=""pairwise-progress-caption"">Your progress</div>
        <div class=""pairwise-progress-segments""><div class=""pairwise-progress-segment""><div class=""pairwise-progress-segment-fill"" style=""width: 100%""></div></div><div class=""pairwise-progress-segment""><div class=""pairwise-progress-segment-fill"" style=""width: 100%""></div></div><div class=""pairwise-progress-segment""><div class=""pairwise-progress-segment-fill"" style=""width: 100%""></div></div><div class=""pairwise-progress-segment""><div class=""pairwise-progress-segment-fill"" style=""width: 52%""></div></div></div>
      </div>
      <div class=""pairwise-progress-part-label"">Part 4 of 4</div>
    </div>","0","","pairwise","mouse","","","","","","","","","","","","","","","","","","","","","","","","","","","","","","","93","6a","Feeling bad about yourself or that you are a failure","2b","Feeling hopeless","646840","2175","left","6a","Feeling bad about yourself or that you are a failure","false","",""
"html-keyboard-response","217","2.1.0","648494","l1stv4eg","9a2xyneg","603e1fe6849f5c63a9997cf5","6abccec7e23d98550c18ccbb","session_2","1920","1080","2026-10-01T08:22:55.127Z","0","ok","null","<div class=""pairwise-prompt"">Which of these two problems has been bothering you more during the last two weeks?</div><div class=""pairwise-iti-fixation"">+</div>
    <div class=""pairwise-progress"">
      <div class=""pairwise-progress-bar"">
        <div class=""pairwise-progress-caption"">Your progress</div>
        <div class=""pairwise-progress-segments""><div class=""pairwise-progress-segment""><div class=""pairwise-progress-segment-fill"" style=""width: 100%""></div></div><div class=""pairwise-progress-segment""><div class=""pairwise-progress-segment-fill"" style=""width: 100%""></div></div><div class=""pairwise-progress-segment""><div class=""pairwise-progress-segment-fill"" style=""width: 100%""></div></div><div class=""pairwise-progress-segment""><div class=""pairwise-progress-segment-fill"" style=""width: 56%""></div></div></div>
      </div>
      <div class=""pairwise-progress-part-label"">Part 4 of 4</div>
    </div>","null","","iti","","","","","","","","","","","","","","","","","","","","","","","","","","","","","","","pairwise","94","","","","","","","","","","","",""
"html-button-response","218","2.1.0","649660","l1stv4eg","9a2xyneg","603e1fe6849f5c63a9997cf5","6abccec7e23d98550c18ccbb","session_2","1920","1080","2026-10-01T08:22:56.293Z","0","ok","1166","
      <div class=""pairwise-prompt"">Which of these two problems has been bothering you more during the last two weeks?</div>
    <div class=""pairwise-progress"">
      <div class=""pairwise-progress-bar"">
        <div class=""pairwise-progress-caption"">Your progress</div>
        <div class=""pairwise-progress-segments""><div class=""pairwise-progress-segment""><div class=""pairwise-progress-segment-fill"" style=""width: 100%""></div></div><div class=""pairwise-progress-segment""><div class=""pairwise-progress-segment-fill"" style=""width: 100%""></div></div><div class=""pairwise-progress-segment""><div class=""pairwise-progress-segment-fill"" style=""width: 100%""></div></div><div class=""pairwise-progress-segment""><div class=""pairwise-progress-segment-fill"" style=""width: 56%""></div></div></div>
      </div>
      <div class=""pairwise-progress-part-label"">Part 4 of 4</div>
    </div>","1","","pairwise","mouse","","","","","","","","","","","","","","","","","","","","","","","","","","","","","","","94","5a","Poor appetite","6b","Feeling that you have let yourself or your family down","651018","1166","right","6b","Feeling that you have let yourself or your family down","false","",""
"html-keyboard-response","219","2.1.0","651663","l1stv4eg","9a2xyneg","603e1fe6849f5c63a9997cf5","6abccec7e23d98550c18ccbb","session_2","1920","1080","2026-10-01T08:22:58.296Z","0","ok","null","<div class=""pairwise-prompt"">Which of these two problems has been bothering you more during the last two weeks?</div><div class=""pairwise-iti-fixation"">+</div>
    <div class=""pairwise-progress"">
      <div class=""pairwise-progress-bar"">
        <div class=""pairwise-progress-caption"">Your progress</div>
        <div class=""pairwise-progress-segments""><div class=""pairwise-progress-segment""><div class=""pairwise-progress-segment-fill"" style=""width: 100%""></div></div><div class=""pairwise-progress-segment""><div class=""pairwise-progress-segment-fill"" style=""width: 100%""></div></div><div class=""pairwise-progress-segment""><div class=""pairwise-progress-segment-fill"" style=""width: 100%""></div></div><div class=""pairwise-progress-segment""><div class=""pairwise-progress-segment-fill"" style=""width: 59%""></div></div></div>
      </div>
      <div class=""pairwise-progress-part-label"">Part 4 of 4</div>
    </div>","null","","iti","","","","","","","","","","","","","","","","","","","","","","","","","","","","","","","pairwise","95","","","","","","","","","","","",""
"html-button-response","220","2.1.0","653376","l1stv4eg","9a2xyneg","603e1fe6849f5c63a9997cf5","6abccec7e23d98550c18ccbb","session_2","1920","1080","2026-10-01T08:23:00.010Z","0","ok","1713","
      <div class=""pairwise-prompt"">Which of these two problems has been bothering you more during the last two weeks?</div>
    <div class=""pairwise-progress"">
      <div class=""pairwise-progress-bar"">
        <div class=""pairwise-progress-caption"">Your progress</div>
        <div class=""pairwise-progress-segments""><div class=""pairwise-progress-segment""><div class=""pairwise-progress-segment-fill"" style=""width: 100%""></div></div><div class=""pairwise-progress-segment""><div class=""pairwise-progress-segment-fill"" style=""width: 100%""></div></div><div class=""pairwise-progress-segment""><div class=""pairwise-progress-segment-fill"" style=""width: 100%""></div></div><div class=""pairwise-progress-segment""><div class=""pairwise-progress-segment-fill"" style=""width: 59%""></div></div></div>
      </div>
      <div class=""pairwise-progress-part-label"">Part 4 of 4</div>
    </div>","1","","pairwise","mouse","","","","","","","","","","","","","","","","","","","","","","","","","","","","","","","95","7","Trouble concentrating","2b","Feeling hopeless","654186","1713","right","2b","Feeling hopeless","false","",""
"html-keyboard-response","221","2.1.0","655383","l1stv4eg","9a2xyneg","603e1fe6849f5c63a9997cf5","6abccec7e23d98550c18ccbb","session_2","1920","1080","2026-10-01T08:23:02.016Z","0","ok","null","<div class=""pairwise-prompt"">Which of these two problems has been bothering you more during the last two weeks?</div><div class=""pairwise-iti-fixation"">+</div>
    <div class=""pairwise-progress"">
      <div class=""pairwise-progress-bar"">
        <div class=""pairwise-progress-caption"">Your progress</div>
        <div class=""pairwise-progress-segments""><div class=""pairwise-progress-segment""><div class=""pairwise-progress-segment-fill"" style=""width: 100%""></div></div><div class=""pairwise-progress-segment""><div class=""pairwise-progress-segment-fill"" style=""width: 100%""></div></div><div class=""pairwise-progress-segment""><div class=""pairwise-progress-segment-fill"" style=""width: 100%""></div></div><div class=""pairwise-progress-segment""><div class=""pairwise-progress-segment-fill"" style=""width: 63%""></div></div></div>
      </div>
      <div class=""pairwise-progress-part-label"">Part 4 of 4</div>
    </div>","null","","iti","","","","","","","","","","","","","","","","","","","","","","","","","","","","","","","pairwise","96","","","","","","","","","","","",""
"html-button-response","222","2.1.0","658611","l1stv4eg","9a2xyneg","603e1fe6849f5c63a9997cf5","6abccec7e23d98550c18ccbb","session_2","1920","1080","2026-10-01T08:23:05.244Z","0","ok","3227","
      <div class=""pairwise-prompt"">Which of these two problems has been bothering you more during the last two weeks?</div>
    <div class=""pairwise-progress"">
      <div class=""pairwise-progress-bar"">
        <div class=""pairwise-progress-caption"">Your progress</div>
        <div class=""pairwise-progress-segments""><div class=""pairwise-progress-segment""><div class=""pairwise-progress-segment-fill"" style=""width: 100%""></div></div><div class=""pairwise-progress-segment""><div class=""pairwise-progress-segment-fill"" style=""width: 100%""></div></div><div class=""pairwise-progress-segment""><div class=""pairwise-progress-segment-fill"" style=""width: 100%""></div></div><div class=""pairwise-progress-segment""><div class=""pairwise-progress-segment-fill"" style=""width: 63%""></div></div></div>
      </div>
      <div class=""pairwise-progress-part-label"">Part 4 of 4</div>
    </div>","0","","pairwise","mouse","","","","","","","","","","","","","","","","","","","","","","","","","","","","","","","96","6a","Feeling bad about yourself or that you are a failure","1","Little interest or pleasure in doing things","657907","3227","left","6a","Feeling bad about yourself or that you are a failure","false","",""
"html-keyboard-response","223","2.1.0","660615","l1stv4eg","9a2xyneg","603e1fe6849f5c63a9997cf5","6abccec7e23d98550c18ccbb","session_2","1920","1080","2026-10-01T08:23:07.248Z","0","ok","null","<div class=""pairwise-prompt"">Which of these two problems has been bothering you more during the last two weeks?</div><div class=""pairwise-iti-fixation"">+</div>
    <div class=""pairwise-progress"">
      <div class=""pairwise-progress-bar"">
        <div class=""pairwise-progress-caption"">Your progress</div>
        <div class=""pairwise-progress-segments""><div class=""pairwise-progress-segment""><div class=""pairwise-progress-segment-fill"" style=""width: 100%""></div></div><div class=""pairwise-progress-segment""><div class=""pairwise-progress-segment-fill"" style=""width: 100%""></div></div><div class=""pairwise-progress-segment""><div class=""pairwise-progress-segment-fill"" style=""width: 100%""></div></div><div class=""pairwise-progress-segment""><div class=""pairwise-progress-segment-fill"" style=""width: 67%""></div></div></div>
      </div>
      <div class=""pairwise-progress-part-label"">Part 4 of 4</div>
    </div>","null","","iti","","","","","","","","","","","","","","","","","","","","","","","","","","","","","","","pairwise","97","","","","","","","","","","","",""
"html-button-response","224","2.1.0","662770","l1stv4eg","9a2xyneg","603e1fe6849f5c63a9997cf5","6abccec7e23d98550c18ccbb","session_2","1920","1080","2026-10-01T08:23:09.403Z","0","ok","2153","
      <div class=""pairwise-prompt"">Which of these two problems has been bothering you more during the last two weeks?</div>
    <div class=""pairwise-progress"">
      <div class=""pairwise-progress-bar"">
        <div class=""pairwise-progress-caption"">Your progress</div>
        <div class=""pairwise-progress-segments""><div class=""pairwise-progress-segment""><div class=""pairwise-progress-segment-fill"" style=""width: 100%""></div></div><div class=""pairwise-progress-segment""><div class=""pairwise-progress-segment-fill"" style=""width: 100%""></div></div><div class=""pairwise-progress-segment""><div class=""pairwise-progress-segment-fill"" style=""width: 100%""></div></div><div class=""pairwise-progress-segment""><div class=""pairwise-progress-segment-fill"" style=""width: 67%""></div></div></div>
      </div>
      <div class=""pairwise-progress-part-label"">Part 4 of 4</div>
    </div>","0","","pairwise","mouse","","","","","","","","","","","","","","","","","","","","","","","","","","","","","","","97","2a","Feeling down or depressed","9b","Thoughts of hurting yourself in some way","663139","2153","left","2a","Feeling down or depressed","false","",""
"html-keyboard-response","225","2.1.0","664774","l1stv4eg","9a2xyneg","603e1fe6849f5c63a9997cf5","6abccec7e23d98550c18ccbb","session_2","1920","1080","2026-10-01T08:23:11.407Z","0","ok","null","<div class=""pairwise-prompt"">Which of these two problems has been bothering you more during the last two weeks?</div><div class=""pairwise-iti-fixation"">+</div>
    <div class=""pairwise-progress"">
      <div class=""pairwise-progress-bar"">
        <div class=""pairwise-progress-caption"">Your progress</div>
        <div class=""pairwise-progress-segments""><div class=""pairwise-progress-segment""><div class=""pairwise-progress-segment-fill"" style=""width: 100%""></div></div><div class=""pairwise-progress-segment""><div class=""pairwise-progress-segment-fill"" style=""width: 100%""></div></div><div class=""pairwise-progress-segment""><div class=""pairwise-progress-segment-fill"" style=""width: 100%""></div></div><div class=""pairwise-progress-segment""><div class=""pairwise-progress-segment-fill"" style=""width: 70%""></div></div></div>
      </div>
      <div class=""pairwise-progress-part-label"">Part 4 of 4</div>
    </div>","null","","iti","","","","","","","","","","","","","","","","","","","","","","","","","","","","","","","pairwise","98","","","","","","","","","","","",""
"html-button-response","226","2.1.0","667410","l1stv4eg","9a2xyneg","603e1fe6849f5c63a9997cf5","6abccec7e23d98550c18ccbb","session_2","1920","1080","2026-10-01T08:23:14.043Z","0","ok","2635","
      <div class=""pairwise-prompt"">Which of these two problems has been bothering you more during the last two weeks?</div>
    <div class=""pairwise-progress"">
      <div class=""pairwise-progress-bar"">
        <div class=""pairwise-progress-caption"">Your progress</div>
        <div class=""pairwise-progress-segments""><div class=""pairwise-progress-segment""><div class=""pairwise-progress-segment-fill"" style=""width: 100%""></div></div><div class=""pairwise-progress-segment""><div class=""pairwise-progress-segment-fill"" style=""width: 100%""></div></div><div class=""pairwise-progress-segment""><div class=""pairwise-progress-segment-fill"" style=""width: 100%""></div></div><div class=""pairwise-progress-segment""><div class=""pairwise-progress-segment-fill"" style=""width: 70%""></div></div></div>
      </div>
      <div class=""pairwise-progress-part-label"">Part 4 of 4</div>
    </div>","2","","pairwise","mouse","","","","","","","","","","","","","","","","","","","","","","","","","","","","","","","98","3a","Trouble falling or staying asleep","8b","Being so fidgety or restless that you have been moving around a lot more than usual","667298","2635","skip","","","true","",""
"html-keyboard-response","227","2.1.0","669419","l1stv4eg","9a2xyneg","603e1fe6849f5c63a9997cf5","6abccec7e23d98550c18ccbb","session_2","1920","1080","2026-10-01T08:23:16.052Z","0","ok","null","<div class=""pairwise-prompt"">Which of these two problems has been bothering you more during the last two weeks?</div><div class=""pairwise-iti-fixation"">+</div>
    <div class=""pairwise-progress"">
      <div class=""pairwise-progress-bar"">
        <div class=""pairwise-progress-caption"">Your progress</div>
        <div class=""pairwise-progress-segments""><div class=""pairwise-progress-segment""><div class=""pairwise-progress-segment-fill"" style=""width: 100%""></div></div><div class=""pairwise-progress-segment""><div class=""pairwise-progress-segment-fill"" style=""width: 100%""></div></div><div class=""pairwise-progress-segment""><div class=""pairwise-progress-segment-fill"" style=""width: 100%""></div></div><div class=""pairwise-progress-segment""><div class=""pairwise-progress-segment-fill"" style=""width: 74%""></div></div></div>
      </div>
      <div class=""pairwise-progress-part-label"">Part 4 of 4</div>
    </div>","null","","iti","","","","","","","","","","","","","","","","","","","","","","","","","","","","","","","pairwise","99","","","","","","","","","","","",""
"html-button-response","228","2.1.0","671661","l1stv4eg","9a2xyneg","603e1fe6849f5c63a9997cf5","6abccec7e23d98550c18ccbb","session_2","1920","1080","2026-10-01T08:23:18.294Z","0","ok","2240","
      <div class=""pairwise-prompt"">Which of these two problems has been bothering you more during the last two weeks?</div>
    <div class=""pairwise-progress"">
      <div class=""pairwise-progress-bar"">
        <div class=""pairwise-progress-caption"">Your progress</div>
        <div class=""pairwise-progress-segments""><div class=""pairwise-progress-segment""><div class=""pairwise-progress-segment-fill"" style=""width: 100%""></div></div><div class=""pairwise-progress-segment""><div class=""pairwise-progress-segment-fill"" style=""width: 100%""></div></div><div class=""pairwise-progress-segment""><div class=""pairwise-progress-segment-fill"" style=""width: 100%""></div></div><div class=""pairwise-progress-segment""><div class=""pairwise-progress-segment-fill"" style=""width: 74%""></div></div></div>
      </div>
      <div class=""pairwise-progress-part-label"">Part 4 of 4</div>
    </div>","1","","pairwise","mouse","","","","","","","","","","","","","","","","","","","","","","","","","","","","","","","99","9a","Thoughts that you would be better off dead","7","Trouble concentrating","671944","2240","right","7","Trouble concentrating","false","",""
"html-keyboard-response","229","2.1.0","673676","l1stv4eg","9a2xyneg","603e1fe6849f5c63a9997cf5","6abccec7e23d98550c18ccbb","session_2","1920","1080","2026-10-01T08:23:20.309Z","0","ok","null","<div class=""pairwise-prompt"">Which of these two problems has been bothering you more during the last two weeks?</div><div class=""pairwise-iti-fixation"">+</div>
    <div class=""pairwise-progress"">
      <div class=""pairwise-progress-bar"">
        <div class=""pairwise-progress-caption"">Your progress</div>
        <div class=""pairwise-progress-segments""><div class=""pairwise-progress-segment""><div class=""pairwise-progress-segment-fill"" style=""width: 100%""></div></div><div class=""pairwise-progress-segment""><div class=""pairwise-progress-segment-fill"" style=""width: 100%""></div></div><div class=""pairwise-progress-segment""><div class=""pairwise-progress-segment-fill"" style=""width: 100%""></div></div><div class=""pairwise-progress-segment""><div class=""pairwise-progress-segment-fill"" style=""width: 78%""></div></div></div>
      </div>
      <div class=""pairwise-progress-part-label"">Part 4 of 4</div>
    </div>","null","","iti","","","","","","","","","","","","","","","","","","","","","","","","","","","","","","","pairwise","100","","","","","","","","","","","",""
"html-button-response","230","2.1.0","676438","l1stv4eg","9a2xyneg","603e1fe6849f5c63a9997cf5","6abccec7e23d98550c18ccbb","session_2","1920","1080","2026-10-01T08:23:23.071Z","0","ok","2762","
      <div class=""pairwise-prompt"">Which of these two problems has been bothering you more during the last two weeks?</div>
    <div class=""pairwise-progress"">
      <div class=""pairwise-progress-bar"">
        <div class=""pairwise-progress-caption"">Your progress</div>
        <div class=""pairwise-progress-segments""><div class=""pairwise-progress-segment""><div class=""pairwise-progress-segment-fill"" style=""width: 100%""></div></div><div class=""pairwise-progress-segment""><div class=""pairwise-progress-segment-fill"" style=""width: 100%""></div></div><div class=""pairwise-progress-segment""><div class=""pairwise-progress-segment-fill"" style=""width: 100%""></div></div><div class=""pairwise-progress-segment""><div class=""pairwise-progress-segment-fill"" style=""width: 78%""></div></div></div>
      </div>
      <div class=""pairwise-progress-part-label"">Part 4 of 4</div>
    </div>","2","","pairwise","mouse","","","","","","","","","","","","","","","","","","","","","","","","","","","","","","","100","5b","Overeating","8a","Moving or speaking slowly that other people could have noticed","676201","2762","skip","","","true","",""
"html-keyboard-response","231","2.1.0","678442","l1stv4eg","9a2xyneg","603e1fe6849f5c63a9997cf5","6abccec7e23d98550c18ccbb","session_2","1920","1080","2026-10-01T08:23:25.075Z","0","ok","null","<div class=""pairwise-prompt"">Which of these two problems has been bothering you more during the last two weeks?</div><div class=""pairwise-iti-fixation"">+</div>
    <div class=""pairwise-progress"">
      <div class=""pairwise-progress-bar"">
        <div class=""pairwise-progress-caption"">Your progress</div>
        <div class=""pairwise-progress-segments""><div class=""pairwise-progress-segment""><div class=""pairwise-progress-segment-fill"" style=""width: 100%""></div></div><div class=""pairwise-progress-segment""><div class=""pairwise-progress-segment-fill"" style=""width: 100%""></div></div><div class=""pairwise-progress-segment""><div class=""pairwise-progress-segment-fill"" style=""width: 100%""></div></div><div class=""pairwise-progress-segment""><div class=""pairwise-progress-segment-fill"" style=""width: 81%""></div></div></div>
      </div>
      <div class=""pairwise-progress-part-label"">Part 4 of 4</div>
    </div>","null","","iti","","","","","","","","","","","","","","","","","","","","","","","","","","","","","","","pairwise","101","","","","","","","","","","","",""
"html-button-response","232","2.1.0","681684","l1stv4eg","9a2xyneg","603e1fe6849f5c63a9997cf5","6abccec7e23d98550c18ccbb","session_2","1920","1080","2026-10-01T08:23:28.317Z","0","ok","3241","
      <div class=""pairwise-prompt"">Which of these two problems has been bothering you more during the last two weeks?</div>
    <div class=""pairwise-progress"">
      <div class=""pairwise-progress-bar"">
        <div class=""pairwise-progress-caption"">Your progress</div>
        <div class=""pairwise-progress-segments""><div class=""pairwise-progress-segment""><div class=""pairwise-progress-segment-fill"" style=""width: 100%""></div></div><div class=""pairwise-progress-segment""><div class=""pairwise-progress-segment-fill"" style=""width: 100%""></div></div><div class=""pairwise-progress-segment""><div class=""pairwise-progress-segment-fill"" style=""width: 100%""></div></div><div class=""pairwise-progress-segment""><div class=""pairwise-progress-segment-fill"" style=""width: 81%""></div></div></div>
      </div>
      <div class=""pairwise-progress-part-label"">Part 4 of 4</div>
    </div>","2","","pairwise","mouse","","","","","","","","","","","","","","","","","","","","","","","","","","","","","","","101","3a","Trouble falling or staying asleep","3b","Sleeping too much","680968","3241","skip","","","true","",""
"html-keyboard-response","233","2.1.0","683701","l1stv4eg","9a2xyneg","603e1fe6849f5c63a9997cf5","6abccec7e23d98550c18ccbb","session_2","1920","1080","2026-10-01T08:23:30.334Z","0","ok","null","<div class=""pairwise-prompt"">Which of these two problems has been bothering you more during the last two weeks?</div><div class=""pairwise-iti-fixation"">+</div>
    <div class=""pairwise-progress"">
      <div class=""pairwise-progress-bar"">
        <div class=""pairwise-progress-caption"">Your progress</div>
        <div class=""pairwise-progress-segments""><div class=""pairwise-progress-segment""><div class=""pairwise-progress-segment-fill"" style=""width: 100%""></div></div><div class=""pairwise-progress-segment""><div class=""pairwise-progress-segment-fill"" style=""width: 100%""></div></div><div class=""pairwise-progress-segment""><div class=""pairwise-progress-segment-fill"" style=""width: 100%""></div></div><div class=""pairwise-progress-segment""><div class=""pairwise-progress-segment-fill"" style=""width: 85%""></div></div></div>
      </div>
      <div class=""pairwise-progress-part-label"">Part 4 of 4</div>
    </div>","null","","iti","","","","","","","","","","","","","","","","","","","","","","","","","","","","","","","pairwise","102","","","","","","","","","","","",""
"html-button-response","234","2.1.0","684833","l1stv4eg","9a2xyneg","603e1fe6849f5c63a9997cf5","6abccec7e23d98550c18ccbb","session_2","1920","1080","2026-10-01T08:23:31.466Z","0","ok","1130","
      <div class=""pairwise-prompt"">Which of these two problems has been bothering you more during the last two weeks?</div>
    <div class=""pairwise-progress"">
      <div class=""pairwise-progress-bar"">
        <div class=""pairwise-progress-caption"">Your progress</div>
        <div class=""pairwise-progress-segments""><div class=""pairwise-progress-segment""><div class=""pairwise-progress-segment-fill"" style=""width: 100%""></div></div><div class=""pairwise-progress-segment""><div class=""pairwise-progress-segment-fill"" style=""width: 100%""></div></div><div class=""pairwise-progress-segment""><div class=""pairwise-progress-segment-fill"" style=""width: 100%""></div></div><div class=""pairwise-progress-segment""><div class=""pairwise-progress-segment-fill"" style=""width: 85%""></div></div></div>
      </div>
      <div class=""pairwise-progress-part-label"">Part 4 of 4</div>
    </div>","1","","pairwise","mouse","","","","","","","","","","","","","","","","","","","","","","","","","","","","","","","102","2b","Feeling hopeless","2a","Feeling down or depressed","686227","1130","right","2a","Feeling down or depressed","false","",""
"html-keyboard-response","235","2.1.0","686842","l1stv4eg","9a2xyneg","603e1fe6849f5c63a9997cf5","6abccec7e23d98550c18ccbb","session_2","1920","1080","2026-10-01T08:23:33.475Z","0","ok","null","<div class=""pairwise-prompt"">Which of these two problems has been bothering you more during the last two weeks?</div><div class=""pairwise-iti-fixation"">+</div>
    <div class=""pairwise-progress"">
      <div class=""pairwise-progress-bar"">
        <div class=""pairwise-progress-caption"">Your progress</div>
        <div class=""pairwise-progress-segments""><div class=""pairwise-progress-segment""><div class=""pairwise-progress-segment-fill"" style=""width: 100%""></div></div><div class=""pairwise-progress-segment""><div class=""pairwise-progress-segment-fill"" style=""width: 100%""></div></div><div class=""pairwise-progress-segment""><div class=""pairwise-progress-segment-fill"" style=""width: 100%""></div></div><div class=""pairwise-progress-segment""><div class=""pairwise-progress-segment-fill"" style=""width: 89%""></div></div></div>
      </div>
      <div class=""pairwise-progress-part-label"">Part 4 of 4</div>
    </div>","null","","iti","","","","","","","","","","","","","","","","","","","","","","","","","","","","","","","pairwise","103","","","","","","","","","","","",""
"html-button-response","236","2.1.0","688907","l1stv4eg","9a2xyneg","603e1fe6849f5c63a9997cf5","6abccec7e23d98550c18ccbb","session_2","1920","1080","2026-10-01T08:23:35.540Z","0","ok","2063","
      <div class=""pairwise-prompt"">Which of these two problems has been bothering you more during the last two weeks?</div>
    <div class=""pairwise-progress"">
      <div class=""pairwise-progress-bar"">
        <div class=""pairwise-progress-caption"">Your progress</div>
        <div class=""pairwise-progress-segments""><div class=""pairwise-progress-segment""><div class=""pairwise-progress-segment-fill"" style=""width: 100%""></div></div><div class=""pairwise-progress-segment""><div class=""pairwise-progress-segment-fill"" style=""width: 100%""></div></div><div class=""pairwise-progress-segment""><div class=""pairwise-progress-segment-fill"" style=""width: 100%""></div></div><div class=""pairwise-progress-segment""><div class=""pairwise-progress-segment-fill"" style=""width: 89%""></div></div></div>
      </div>
      <div class=""pairwise-progress-part-label"">Part 4 of 4</div>
    </div>","0","","pairwise","mouse","","","","","","","","","","","","","","","","","","","","","","","","","","","","","","","103","2a","Feeling down or depressed","1","Little interest or pleasure in doing things","689369","2063","left","2a","Feeling down or depressed","false","",""
"html-keyboard-response","237","2.1.0","690911","l1stv4eg","9a2xyneg","603e1fe6849f5c63a9997cf5","6abccec7e23d98550c18ccbb","session_2","1920","1080","2026-10-01T08:23:37.544Z","0","ok","null","<div class=""pairwise-prompt"">Which of these two problems has been bothering you more during the last two weeks?</div><div class=""pairwise-iti-fixation"">+</div>
    <div class=""pairwise-progress"">
      <div class=""pairwise-progress-bar"">
        <div class=""pairwise-progress-caption"">Your progress</div>
        <div class=""pairwise-progress-segments""><div class=""pairwise-progress-segment""><div class=""pairwise-progress-segment-fill"" style=""width: 100%""></div></div><div class=""pairwise-progress-segment""><div class=""pairwise-progress-segment-fill"" style=""width: 100%""></div></div><div class=""pairwise-progress-segment""><div class=""pairwise-progress-segment-fill"" style=""width: 100%""></div></div><div class=""pairwise-progress-segment""><div class=""pairwise-progress-segment-fill"" style=""width: 93%""></div></div></div>
      </div>
      <div class=""pairwise-progress-part-label"">Part 4 of 4</div>
    </div>","null","","iti","","","","","","","","","","","","","","","","","","","","","","","","","","","","","","","pairwise","104","","","","","","","","","","","",""
"html-button-response","238","2.1.0","692051","l1stv4eg","9a2xyneg","603e1fe6849f5c63a9997cf5","6abccec7e23d98550c18ccbb","session_2","1920","1080","2026-10-01T08:23:38.684Z","0","ok","1139","
      <div class=""pairwise-prompt"">Which of these two problems has been bothering you more during the last two weeks?</div>
    <div class=""pairwise-progress"">
      <div class=""pairwise-progress-bar"">
        <div class=""pairwise-progress-caption"">Your progress</div>
        <div class=""pairwise-progress-segments""><div class=""pairwise-progress-segment""><div class=""pairwise-progress-segment-fill"" style=""width: 100%""></div></div><div class=""pairwise-progress-segment""><div class=""pairwise-progress-segment-fill"" style=""width: 100%""></div></div><div class=""pairwise-progress-segment""><div class=""pairwise-progress-segment-fill"" style=""width: 100%""></div></div><div class=""pairwise-progress-segment""><div class=""pairwise-progress-segment-fill"" style=""width: 93%""></div></div></div>
      </div>
      <div class=""pairwise-progress-part-label"">Part 4 of 4</div>
    </div>","1","","pairwise","mouse","","","","","","","","","","","","","","","","","","","","","","","","","","","","","","","104","5b","Overeating","1","Little interest or pleasure in doing things","693436","1139","right","1","Little interest or pleasure in doing things","false","",""
"html-keyboard-response","239","2.1.0","694053","l1stv4eg","9a2xyneg","603e1fe6849f5c63a9997cf5","6abccec7e23d98550c18ccbb","session_2","1920","1080","2026-10-01T08:23:40.686Z","0","ok","null","<div class=""pairwise-prompt"">Which of these two problems has been bothering you more during the last two weeks?</div><div class=""pairwise-iti-fixation"">+</div>
    <div class=""pairwise-progress"">
      <div class=""pairwise-progress-bar"">
        <div class=""pairwise-progress-caption"">Your progress</div>
        <div class=""pairwise-progress-segments""><div class=""pairwise-progress-segment""><div class=""pairwise-progress-segment-fill"" style=""width: 100%""></div></div><div class=""pairwise-progress-segment""><div class=""pairwise-progress-segment-fill"" style=""width: 100%""></div></div><div class=""pairwise-progress-segment""><div class=""pairwise-progress-segment-fill"" style=""width: 100%""></div></div><div class=""pairwise-progress-segment""><div class=""pairwise-progress-segment-fill"" style=""width: 96%""></div></div></div>
      </div>
      <div class=""pairwise-progress-part-label"">Part 4 of 4</div>
    </div>","null","","iti","","","","","","","","","","","","","","","","","","","","","","","","","","","","","","","pairwise","105","","","","","","","","","","","",""
"html-button-response","240","2.1.0","695413","l1stv4eg","9a2xyneg","603e1fe6849f5c63a9997cf5","6abccec7e23d98550c18ccbb","session_2","1920","1080","2026-10-01T08:23:42.046Z","0","ok","1359","
      <div class=""pairwise-prompt"">Which of these two problems has been bothering you more during the last two weeks?</div>
    <div class=""pairwise-progress"">
      <div class=""pairwise-progress-bar"">
        <div class=""pairwise-progress-caption"">Your progress</div>
        <div class=""pairwise-progress-segments""><div class=""pairwise-progress-segment""><div class=""pairwise-progress-segment-fill"" style=""width: 100%""></div></div><div class=""pairwise-progress-segment""><div class=""pairwise-progress-segment-fill"" style=""width: 100%""></div></div><div class=""pairwise-progress-segment""><div class=""pairwise-progress-segment-fill"" style=""width: 100%""></div></div><div class=""pairwise-progress-segment""><div class=""pairwise-progress-segment-fill"" style=""width: 96%""></div></div></div>
      </div>
      <div class=""pairwise-progress-part-label"">Part 4 of 4</div>
    </div>","0","","pairwise","mouse","","","","","","","","","","","","","","","","","","","","","","","","","","","","","","","105","4","Feeling tired or having little energy","5b","Overeating","696578","1359","left","4","Feeling tired or having little energy","false","",""
"survey-text","241","2.1.0","700532","l1stv4eg","9a2xyneg","603e1fe6849f5c63a9997cf5","6abccec7e23d98550c18ccbb","session_2","1920","1080","2026-10-01T08:23:47.165Z","0","ok","5115","","{""feedback"":""None""}","","feedback","","","","","","","","","","","","","","","","","","","","","","","","","","","","","","","","","","","","","","","","","","","","None"
"html-keyboard-response","242","2.1.0","704541","l1stv4eg","9a2xyneg","603e1fe6849f5c63a9997cf5","6abccec7e23d98550c18ccbb","session_2","1920","1080","2026-10-01T08:23:51.174Z","0","ok","null","
    <div class=""instruction-card"">
      <div class=""instruction-card-heading"">
        <h1>Thank you!</h1>
        <span class=""instruction-card-accent""></span>
      </div>
      <div class=""instruction-card-body"">
        <p class=""center"">Thank you very much for your time and for taking part.</p>
        <p class=""center muted"">Your responses are being saved&hellip;</p>
      </div>
    </div>","null","","","","","","","","","","","","","","","","","","","","","","","","","","","","","","","","","","","","","","","","","","","","","",""
"html-button-response","243","2.1.0","709063","l1stv4eg","9a2xyneg","603e1fe6849f5c63a9997cf5","6abccec7e23d98550c18ccbb","session_2","1920","1080","2026-10-01T08:23:55.696Z","0","ok","4520","
      <div class=""instruction-card"">
        <div class=""instruction-card-heading"">
          <h1>Thank you very much for participating in our study!</h1>
          <span class=""instruction-card-accent""></span>
        </div>
        <div class=""instruction-card-body"">
          <p>As part of the questionnaire, you were asked about how you've been feeling lately, including whether you've had any thoughts of death or suicide.</p>
          <p>We want to note that many people experience difficult emotions such as stress, low mood, sadness, guilt, or fatigue. For some, these feelings become strong and persistent enough that they may indicate depression &mdash; a condition that is common, well recognized, and treatable. Some people going through depression also experience thoughts of death or suicide. These thoughts can be frightening, but they are a recognized symptom of depression, and help is available.</p>
          <p>Depression can affect anyone, regardless of age, background, culture, or life circumstances.</p>
          <p>If you (or someone you know) have been feeling persistently sad, hopeless, irritable, or guilty, struggling with sleep, appetite, concentration, or everyday functioning, or having thoughts of death or suicide &mdash; please don't try to manage it alone. Consider reaching out to a psychologist, physician, or mental health professional.</p>
          <p>If you are having thoughts of harming yourself or ending your life, please act now:</p>
          <ul>
            <li>Talk to a family member or friend who can support you.</li>
            <li>Contact a crisis helpline. You can find a helpline in your country, available free and often 24/7, at: <a href=""https://findahelpline.com/"" target=""_blank"" rel=""noopener noreferrer"">https://findahelpline.com/</a></li>
          </ul>
          <p>You can also go to the emergency room at any hospital at any time, without a referral, to receive immediate help.</p>
        </div>
      </div>","0","","session2_resources","","","","","","","","","","","","","","","","","","","","","","","","","","","","","","","","","","","","","","","","","","","",""
